wallet,sources,collections,nfts_seen
H6B1xriQkPSgpKAfLrTexDWtnuNGga77wGNnuJzwnY3G,"me_listing","aurory",15
5sWsediccJMsGTayzXtKWKkAaYLN17KBa78otHRrFV2x,"me_listing","aurory",15
6NSAMJ2gGuyiqXgeuTEETpqqRTuEb7iqnuwF1jCfrhsp,"me_listing","aurory",8
12Nwf8b3ngxHdY838aLpmNugf8CJQ11EFXPwL9afAnZD,"me_listing","aurory",5
6mqzB86e1frcyJiM2Ubv4moyyqgPDnPAhZYvPb2wjUvp,"me_listing","aurory",4
E7KNHjXka39gPbffX9yAeE7B4F4pTu9AEx3tYq9veVfr,"me_listing","aurory",4
DmZCdAer2BH4BT1Ni7XZjxL8AG554o56VmK2pYjQosM5,"me_listing","aurory",3
dustDtdvZSkdt9tSAsgJCodL8Qfx7qyky5KF2vTsMqN,"me_listing","aurory",3
C12drUKSsrNAwrLZ2yxZPi7hPiAFmjo2BSbPP62KQwrD,"me_listing","aurory",3
7LAjESa11JXDQHfPye1JC7jvVjtYhignL8QdL8U6VCgn,"me_listing","aurory",3
77cNR75Ag8mGBtSjbV2AFnjZ9NNKVvVSDZL86cGBd961,"me_listing","aurory",2
7VzKwP6CoW6QAhbVaWNjB1NTfgTVefbFAQhsvxVdGB7X,"me_listing","aurory",2
3BAiKokhyhW9mCwi5LK6WH2zoqfEv2YpdgVZGszHeVDR,"me_listing","aurory",2
58oPotTcQn6JGuw7VEAPNzJGaywu1KkRWnxr38eQX6iV,"me_listing","aurory",2
9SZdaS5pb5SzXKkkD5JiCTRwJcZnv2omsaH2WCwMTozH,"me_listing","aurory",2
Gz8kqBUFFo1diobyfwwaDwhsuAbjCE9iLCvHhVUJ6wVK,"me_listing","aurory",2
9LGCuEVrhTj4456W9ew832swP4WF4WKcmLfk9nhCtp9j,"me_listing","aurory",1
bVdhouTGzW8zSNzxeRSFWN43FftXjfmYs5Dw9J6XtH2,"me_listing","aurory",1
3Y6ckGWaWsxf3PBaBV4ScgzhkmR8PDBR6nB2k7LhAMFp,"me_listing","aurory",1
FSJ4KSRu4BgWsVrFuokMq47DEUoD6ACkqsavSUUFSaWg,"me_listing","aurory",1
5k15YfLg5TmTeVUAuxpQgK4r3Dzuu9ce6RwmKUdtDXYH,"me_listing","aurory",1
GFBDfYcqPHK6Ezwkm5vvDqgKeW6UfYKktBvkjQYe9dQT,"me_listing","aurory",1
DyKzjKZbgHFoQ6FahRYvC4D8RxfhP4NgC12j4Pvfrb57,"me_listing","aurory",1
9BoXp3dtdzUXzAsnJjKHrZ5rjYj79uo3CCftLX9xNRck,"me_listing","aurory",1
8EvjXrYrMDM5V1Uz5sbjyufswV6VdyL5MmQbz8hDceqv,"me_listing","aurory",1
2ZCQ18QjibZZCPfcCesdZ1y2WMmZKd5rKZLyc2sjYGir,"me_listing","aurory",1
BxMJyY1EsNoWuPgfR3NEDZ8xxhYpn2eSERgWUjxcoztu,"me_listing","aurory",1
4NLjofVr3LevtZ4rkKtYWh739awijdgA5sp6kLPXWjES,"me_listing","aurory",1
D9BjJAxC3G13scq9X4bezXzTyAt6kSH2v4MfBWzUHDUo,"me_listing","aurory",1
9juYeXjaPjAT9FjCxhNVg9km4fseRZTZthYNT9xeRh5w,"me_listing","aurory",1
Ch9c84ZCRvGcLDnAGCXg4rdftUpQbwZaYkb6gf5DLGBr,"me_listing","aurory",1
BQCeYnHSF7Boa1JmcYYCKCpYbF1V8Ai8wj23kPX6fLqM,"me_listing","aurory",1
CAWxDvAgQrCcwNAM6qPpo4Af15sL6rzYyHHMC2EZL1ys,"me_listing","aurory",1
C6UtswbneEuyYTUB7AVeEFFkDUA12CpGUU5LakmNnZJL,"me_listing","aurory",1
4Ui4SDYvBTSYZi6EZuHQ8rtSQk79GbKMYwZUxgb8xbZK,"me_listing","aurory",1
5GzELwwPnmqBrooyoJYToeqGDZD4389ogc7tUPDYDTvg,"me_listing","aurory",1
C4jdqASx8TDSV3LPtdJt5Z8CVBqjJWrezopkz4LLJ4Dr,"me_listing","aurory",1
39TcYqUJzfXy3MqkVkhXEsMPbPmHNbxVRAMbEKnYoujF,"me_listing","aurory",1
B3WMBuZVUo1xpLVW95WubBtbsabrsyRVH4cU8SwVX5dQ,"me_listing","aurory",1
7MYwE8Aw4hfkZtbkACexTu6TLTPLEUgMT8c2ipHh1Aox,"me_listing","aurory",1
7dmdC3uJze4B51nnVEQgWc25dUHW9BG8PtfYSy1iDkQS,"me_listing","aurory",1
J9Fc2MWHeqGshh1qUQVvDimx7wK8SvtvJHLCnMHg6FqJ,"me_listing","stepn",1
AGUVZ3gzahjrvU4ik3tCLSkhv5PbLqGbSkQrkddSPaNN,"me_listing","stepn",1
BFVhG6EjJvqBsfzEAfQ2uCevnbe9yVFFw4k9p7QnQnBT,"me_listing","stepn",1
2MGHS1LXBT5ofeHautzbkEHCqEQLqDHJbV5WWSeqCMsZ,"me_listing","stepn",1
Gd6YJYUVwMq9pHS7c4KeabV3V3BgiGLfFjoiPPiFj99j,"me_listing","stepn",1
FxgSKBrrpkup6XcKpofuiCXJXmBrJEUMWdqq19EqydED,"me_listing","stepn",1
HyxGVDt7sshH7EwJyTzS44r2BijDDuop9jTBCKE5NBvq,"me_listing","stepn",1
AyYjnyedpbpfYdgKd14V1sWbBELDqGYvAq81UW55cFCB,"me_listing","stepn",1
2UU9TbdLuKmXaqjnkzrqsW64WFegPESYsw1YRdLCdnJV,"me_listing","stepn",1
56vv7ie3hyYQ69C9hztmWVvTY8dj6pepwhDQGSW4fVv9,"me_listing","stepn",1
8HWUKPLhDcnQFeKQRkuYMAUq4jRtRV4T7eZntBHS1Zr7,"me_listing","stepn",1
44Pb5geDxobNmadZR93YHfdfaQ2hsWVaCpXsfhoHhAag,"me_listing","stepn",1
6mxGT61UfDRH2QcGChc1TjFGEBRMPYYHPZjXjvtTUmta,"me_listing","stepn",1
66j7UWYaQv6pA4r3ohq83xYw7WhMpU4GLmoACLELfqw3,"me_listing","stepn",1
6fP9wY975k6MhJDicBeTmjGkP5cg6uBbdn14uM2nRKxR,"me_listing","stepn",1
3NgKW4po9SEsTLLevRuYmniGNjUV5b3WXZXRUvD1Eyac,"me_listing","stepn",1
4EPtLUKUkVRUqVnUSV6Rk8dJwhdnav3JJSNUsijrgjJu,"me_listing","stepn",1
9G8x9ChhNouBTPUBDfgGMYWpWsTnVHgHZFt9MFAhANRz,"me_listing","nyan_heroes",1
HRi5wzastLSVDjdLyrXFN11kjgd25SrevjtZ5QXsg2K6,"me_listing","nyan_heroes",1
B4P4miyudoJTSpiuchDJs4HvxhSvyStni49LtEVoYVM,"me_listing","nyan_heroes",1
G7mXA2PsEqyETzectJZJXMch9SrrC6XXbLJMznMqmVrm,"me_listing","nyan_heroes",1
AQdxPt65WDvj1K73SvsGfw1gy9UyNuzVyeGpFcDNV3qx,"me_listing","nyan_heroes",1
43DYWyPKfk9fKtAnJP1zxUikhPAPtDJFjMCPrrbm2KsM,"me_listing","nyan_heroes",1
2mpByWxv9MnB3DdSpmbxTXkJV9gAjMcxQKVWK3A8RbVD,"me_listing","nyan_heroes",1
82xJX7MZUVQPxdqoMJureHDarDserqbpsca2eGNvPqD1,"me_listing","nyan_heroes",1
H5XD5UrHmESkAF9LMBwmKEnJg9TiB1k6NHbXtkptCqUX,"me_listing","nyan_heroes",1
6vzWU3vib7B9DSGjwq2gUNQAB9SvkiTXmCcyvsUH4R8T,"me_listing","nyan_heroes",1
BJSzbPhhuukgaZM3Z4kGV5RuouUB5USY2AAaPPHCyWLd,"me_listing","nyan_heroes",1
6YnPVq6bPk9mpqot2dfJYh7zb4kjmTQ4kzLdmCgXmtUQ,"me_listing","nyan_heroes",1
ABmzS4PZX3jib1mUf8zn5Y5svAewdq2mqJRjDTMD6SjV,"me_listing","nyan_heroes",1
2cmimTLPZgacVbJZi4jVKFXEFfLL3tZqnekrkQDW7vMG,"me_listing","nyan_heroes",1
DUmHRosRc6Jw86SjUm6sc9KEdCBGYnTEYtvutEjsPbgz,"me_listing","nyan_heroes",1
FhXBESLG8NY71E24H6BE67L2WFGvJhMJMYbCsrwvEooY,"me_listing","ev_io",1
4CX3KfKjjAzyyabXoKxHjBkffNUr8LaLMgpygDZZzdrB,"me_listing","ev_io",1
HxJECF9ex7BDDDFW7RjWd51peSDM3Y2aa1y73UHSNht6,"me_listing","ev_io",1
GG2YixVBCdac7xLcFCmwgoaFp3X4AjQnhDxnctNLefrQ,"me_listing","ev_io",1
Ef2sbWy7SnkekrewG2DUuKykgLUCpL2KkJLPgWyZ3WcN,"me_listing","ev_io",1
65GN159z8JUzPrerhm19BADZege4cTjVNrToekNe6EiD,"me_listing","ev_io",1
DKq1LbMYkWN23xGZRUX5ugahEEESEfiVaUrsvv3de9C3,"me_listing","ev_io",1
HnPtEh9rEtvbfap1rims1DWnTFyh3JUiMpvG71ZAopZC,"me_listing","ev_io",1
Cfq1ts1iFr1eUWWBm8eFxUzm5R3YA3UvMZznwiShbgZt,"pump_holder","PUMP",303261857223.2221
8UhbNoBXmGoxJr2TeWW8wmSMoWmjS2rTT2tVJxzuTogC,"pump_holder","PUMP",80000000010.00024
9pkFKCR1mdS31JxjKdtmWg2awZUg6vJUYVY722DAcXzv,"pump_holder","PUMP",35000000010.00026
BBvQteuawKB2UtExfevL8HYLjWWsgmWXsp922vFbvCfT,"pump_holder","PUMP",25000000010.02305
GTeSSwovPiVirpvWJpThUWiLDSLsuApmJw621Yom3MhB,"pump_holder","PUMP",25000000010.000233
AvqFxKNrYZNvxsj2oWhLW8det68HzCXBqswshoD2TdT6,"pump_holder","PUMP",24000000010.000267
85WTujfJ9meJq5hfjAeb5gftj7n8Q7QTsZJbRqMD5ERS,"pump_holder","PUMP",21874960937.083336
8UHpWBnhYNeAQURWjAABp8vSrzfYa69o7sfi65vYLC42,"pump_holder","PUMP",19131083343.250256
96HiV4cGWTJNCjGVff3RTHgPXmpYz7MSrGTAmxNKVWM9,"pump_holder","PUMP",16770803385.000008
9WzDXwBbmkg8ZTbNMqUxvQRAyrZzDsGYdLVL9zYtAWWM,"pump_holder","PUMP",16629591453.178
GhFaBi8sy3M5mgG97YguQ6J3f7XH4JwV5CoW8MbzRgAU,"pump_holder","PUMP",15625000010.000263
ERRGqu3dh6zYBg7MNAHKL33TyVb7efMmaKxnmdukdNYa,"pump_holder","PUMP",12395811198.75
AC5RDfQFmDS1deWZos921JfqscXdByf8BKHs5ACWjtW2,"pump_holder","PUMP",10707483942.556095
5tzFkiKscXHK5ZXCGbXZxdw7gTjjD1mBwuoFbhUvuAi9,"pump_holder","PUMP",8955501667.126402
9SLPTL41SPsYkgdsMzdfJsxymEANKr5bYoBsQzJyKpKS,"pump_holder","PUMP",8915042953.182056
9UcygiamY92yGntGkUkBKi4SdApxkBMZd9QSo6wMC2dN,"pump_holder","PUMP",8800000010.000237
4GZwzZgqSwwTTRVgBoxTDeH3EwDye84dCPb9fALAZFjF,"pump_holder","PUMP",7188682174.651561
C68a6RCGLiPskbPYtAcsCjhG8tfTWYcoB4JjCrXFdqyo,"pump_holder","PUMP",5116877926.21492
6LY1JzAFVZsP2a2xKrtU6znQMQ5h4i7tocWdgrkZzkzF,"pump_holder","PUMP",4443313857.771523
DSo8tY2KdbmZC6Q9YNWgQ9745ugL1Q9K6FeyqovkGqRS,"pump_holder","PUMP",4202393578.322372
5d3jKREJ2wBRzTeMYnn4PxC5TwitdQxTat1XUFkHXPwV,"pump_holder","PUMP",4190422537.406334
ESEZgJRoBFfFmmgThPDQHiGgCiJNZqU7fqB6rBygrwWj,"pump_holder","PUMP",4166556908.175359
4sYGAxDy11dCiS3cBdWBH7ztY8H7D951mVMV5poyZTMc,"pump_holder","PUMP",4062500010
GsM3emTijQshDHrWRRhSQhqG1zYC9BNnAuah7ZPEu6ya,"pump_holder","PUMP",4058297805.963844
EFE3j1pcSP1paUzA86zW7989ZjsFP2J7ginyUqo4ewqR,"pump_holder","PUMP",3862258322.711
2APnhZKqfBUmCAqnZnfGomQLz1stWDq9UotjFPD6ZXsP,"pump_holder","PUMP",3255321081.284444
ESRc4ce6jpyRyvGJ9Gjgtmwc7wEtR1ZPaQPnh9kWZM67,"pump_holder","PUMP",3086249202.916677
C6FVB6jCdkPEdWRyzsV7RuUCmMeGgH9KAwirkKkERm3M,"pump_holder","PUMP",2708333343.333333
A98NXgzCzKXoLSps5ga2pgsPdEj7AtDQnmAQjVeE8WEm,"pump_holder","PUMP",2708333343.333333
8eucCT1KqGV6ucERAtsjKm4U4YLUwNHvEeWXJ8MydfSa,"pump_holder","PUMP",2708333343.333333
BRpXhshfaHtESkmBuZmrFrkJuRRhgmgmY1qtGkPdhwcj,"pump_holder","PUMP",2708333343.333333
2uF4Xh61rDwxnG9woyxsVQP7zuA6kLFpb3NvnRQeoiSd,"pump_holder","PUMP",2547874654.709864
E2RvJg2myWpKcbkhBuF81gfhYr6KvmNcDbSmr5qnatYy,"pump_holder","PUMP",2369983191.52
6SWFRWrckxvT4hxYUiz43wPxfMpg4NP7Y27WQzY9cT2i,"pump_holder","PUMP",2033354016.175103
5SDrsMNTYdhmApjfqYHDvjoW92f2S42vcc7zNDVcQ9Ej,"pump_holder","PUMP",2032385819.53
EY1cDXoKAwkJwPoyUCvdHxtLSnCMccFpzEXzdGpvvWvT,"pump_holder","PUMP",2031250010
Hv3s9sBvXLih4tVqHC2dVoMkUCW92tZ6DPyumzCfbe4K,"pump_holder","PUMP",2031250010
6wrL9xKGPJz1sKTNFZx4QLZRJHny3hgEQvstXpVjJ8m5,"pump_holder","PUMP",2031250010
CLoPSvbauaaSWs1teGgLnrHHf7FuJC3xtUsZP3KwuJsw,"pump_holder","PUMP",1844358558.375613
7TWnq4WeYcwQWBCwKeEX2Q9xqVtthPGkB7adNvueuVuh,"pump_holder","PUMP",1839577535.090184
u6PJ8DtQuPFnfmwHbGFULQ4u4EgjDiyYKjVEsynXq2w,"pump_holder","PUMP",1728485267.444446
4Votc2LuueerHo1mocqTxhnArYpAbMtBAHsRyS5NpZJT,"pump_holder","PUMP",1625000010
3L23bbdCk5WknsahZKJZw7ngwYC2gLgDez9KeaihCU5q,"pump_holder","PUMP",1523473889.082332
DZ8M6QjqS6reDLFCFyoErJzSgGFthd57FMmBqaFNXaNB,"pump_holder","PUMP",1433656900.3357
DLkDZH2McPeHi4G8DJryEk63WH83RePGL8uKf1yJ1vhH,"pump_holder","PUMP",1433181593.887987
EbAqo4b82XgfDzX8Ycueg2SXtR5mzp1YrhNPoGgoXXaJ,"pump_holder","PUMP",1403452091.279123
EnaatNfHKJHifA6VsiZBm1dKKwY8z2aaqW8BhDYwvYJm,"pump_holder","PUMP",1400822462.493785
55wnwPLi8Hg4ShLqPiwnuXZo7nkKDcEsTpnm1vVkBKDw,"pump_holder","PUMP",1367090011.447367
4YrSuGhe4okHhab27nMn8yTBEMtPAPanv8koaCjzGDKw,"pump_holder","PUMP",1354198820.024389
GGDbtt9ArMC7R9kpmC7r1nQZbBy7Htumf1LSmchxs6zc,"pump_holder","PUMP",1354186461.402265
rCTo9VHWqH5LLWCPoqPRvnDy7JTwCiECrvpWhqS38V6,"pump_holder","PUMP",1354186461.402265
GJZgb2tYbxkJ1q9u5Xr8nDZtBypvwXQpNstrQ2P6UKh9,"pump_holder","PUMP",1354166676.666667
1TQV75DZyj19JAuUq9RjvF4ceDuHzN1McQcggQ8u1ev,"pump_holder","PUMP",1354166676.666667
DiAvwdBbGESA51bxH6UKv1c4AVrQNYkPuVaW46dy3LWg,"pump_holder","PUMP",1354166671.666667
2Lwgk5qsbTPVcza28cNFzRHZXAhYBFagvFQTi19W4Lju,"pump_holder","PUMP",1259380621.682759
8UjiSXFU45bZtovQjw6NCiNPBYFFLwzKcPCesFae1zGz,"pump_holder","PUMP",1249239334.298967
3B7XAQrLoEMDEGvX8569F9GRb9PcXXocJmj5wvhhei9z,"pump_holder","PUMP",1229567419.812964
38xCLm9kSExfGU1GdyVuX4vop7SZns9kU2mQyTmmMdUP,"pump_holder","PUMP",1156131359.49
8wM44Ryv9DFCSfkgUnPEPgnsc53arT4cnmXL6LnnC4UW,"pump_holder","PUMP",1113503392.692309
86zviZwMGfYHwFzgV3p8MREMnvKmb69ZkxDBxeXmXDHj,"pump_holder","PUMP",1083355966.464423
GgQX3bDNCaXu8pp4WYRamuKZzYezcVhf3PJh419Z4gSX,"pump_holder","PUMP",1083333443.333333
4zg4mV2QNUsGN5qVbuKA3sqvkaPRkyb5gByjfRUH3uHn,"pump_holder","PUMP",1054657611.174218
EPv4d221Dk5bY2rzB8a2BsHQ7sv9tHwKZeSoc1VLwNwT,"pump_holder","PUMP",1050016802.104691
8dQH1VxZnD6N8iigY5EsjXbFyoETppzFEmVUfS7XKhMp,"pump_holder","PUMP",1041518925.980478
zt27jpb8jfLg5e6fvnEgkfnNyxpqhJV4mcd1JneeQMW,"pump_holder","PUMP",1027032843.367326
4UpsBxdSEqFafi5V8vNwEnWvzZmrxj8w8C36oQjtX2qK,"pump_holder","PUMP",1017529680.997588
E3MhdiKia92MFswUHM68G4fqYCyF4EK7gJ5H1vTky9Cs,"pump_holder","PUMP",1000020050.893836
3r8yisznwhwTc3zvRpwCNozv9UE1zHcpma2VpGL1cjEk,"pump_holder","PUMP",975854949.500936
AVPKzX2QZ8E23SWR728yhMTnnqr9UjAZdgemfaE3qHg5,"pump_holder","PUMP",928605590.933383
Dyo7tqec9dTED6kddpqj4e3L68HLC2VZAiboNsMzKUP4,"pump_holder","PUMP",925019279.352699
3Z2AqcKCmdcCZ3iCUiFKtwUbrmuPcefwN3xRLTdY7XyN,"pump_holder","PUMP",900937555.984549
75swTMMhfxwe8LfhpQBiwf39ECy9cyiV5w1Qs1BFy4P5,"pump_holder","PUMP",885245956.037052
Gaw3fcEJZkZjhmNp4zix5MHj82asVWv162nhDUo8bGvp,"pump_holder","PUMP",883723884.711167
5PAhQiYdLBd6SVdjzBQDxUAEFyDdF5ExNPQfcscnPRj5,"pump_holder","PUMP",870857687.531479
A6dzisAAZLYefzEJ1JKfTgtbopgd1JgC9KMp8q5s4Zu2,"pump_holder","PUMP",853142596.232061
9TwDYXWMrknd5Vgjifn529Ka9cj8Fjo5nMtv1NvYHmWH,"pump_holder","PUMP",815889314.359656
DphzLLtXz2B133xMZkAgVy42gTCxpztJzZtJ9Haq2eEv,"pump_holder","PUMP",812519589.32139
DPg3vkLhVG4DStXizsZfiMPNEgSMHVPW48uBYyuBc6iy,"pump_holder","PUMP",812516484.447968
6dwaj585LCV6R6gm5fKQ9XBbJz1Si7LKmgaDA6xgvUzt,"pump_holder","PUMP",800017190.596145
ED86KHerMiNnekX995NMvx9F3TaLEiAAoiAtrnKQcdh6,"pump_holder","PUMP",800016654.201175
4ERWabcgDyqjPAENHCXPPUE41zsGqPfUdNYbJ4XvxpB1,"pump_holder","PUMP",797900093.910019
EZ41WcMH3FmyWGV9WQaDLo5uo4ysVNdeAm1ZoTybxjsJ,"pump_holder","PUMP",770015458.366719
5X7QspyRDJUjCdBXB2u1vpuTj2seLCNZDAJZ8EWvBD5e,"pump_holder","PUMP",742811664.427057
44P5Ct5JkPz76Rs2K6juC65zXMpFRDrHatxcASJ4Dyra,"pump_holder","PUMP",742248575.064647
35qBSZhyoYFkz6wVpBib8qqzVEWHxkEBNYPdpHHaiUo5,"pump_holder","PUMP",724509341.881718
2s5CfZ3adDd52K3CEDr8CbtiZE56nYcx4XiBNiqZNCBe,"pump_holder","PUMP",717725004.692365
FbmX51eefDd2AeKjPFdAXhLdwUbnVGuYzEuNajC2Rg7e,"pump_holder","PUMP",717232804.440334
6EpVvvEkjgfGHLcg2bMJofmDHmybuLhfDW4YXfP6QZwP,"pump_holder","PUMP",713075733.571729
DHRqLgAvd7zbzbyAPYtyjwwhfuLXmUafFFDcd7MyczeF,"pump_holder","PUMP",701609530.979901
3ixYKp5PsdqykioextzwKjZBEpwnEDkiHTqgc5Z2piKS,"pump_holder","PUMP",625021990.831024
44YLvsHWqLctxjVBZeL77inGqn7sV64AFbp7bqhPPCN3,"pump_holder","PUMP",625014234.535336
BcmaXnztGU5ZS1TV5b9sebm1cYBNmr6YqXshcnR1G4dW,"pump_holder","PUMP",625012413.770637
7XQzhwiuvCFyXrxus5dbJd5vp55i6hCZTTqY2Ndx2jZY,"pump_holder","PUMP",620987951.738455
APNrkBFsTYjdK47TaZP64nvgUfmD77c7PyTBKYfA4ARC,"pump_holder","PUMP",616394809.781426
HoxNu7xsUSPGstLYKirtYpLjmnJBTz7gvdc7mD1uvqEn,"pump_holder","PUMP",613265330.283905
FX8yzhzUUM7VRo8syDBT523pbTj1TjEzY5vLLWSf91eD,"pump_holder","PUMP",609823340.306256
FixDET3jRBMjT9M69Wim8iRpMQiJHkSSfD7wivStuuph,"pump_holder","PUMP",605445935.965
BXN4ryBpUZaw2s92k2E7tYc4pgHBreMyYZ578nbnHLTx,"pump_holder","PUMP",595714969.37056
9SMp4yLKGtW9TnLimfVPkDARsyNSfJw43WMke4r7KoZj,"pump_holder","PUMP",569565239.34813
31RVsZpcmXxxiqrC5CqhpUijkezAQET8hkR7TYpqzj7q,"pump_holder","PUMP",541678047.391324
8ehAfyVHFNfrhWU53KUJSm5VLAfY4DMP2ij7UckoBEwa,"pump_holder","PUMP",541676469.397825
ATfCpmes7oPGJpqe8Quv5TCHdiURTBWjg1tHvonbKxWD,"pump_holder","PUMP",541676469.397825
8UhkGHGLpc8QBdSFapt6pwGUD7msFGoo4Ef8xEH2pmn5,"pump_holder","PUMP",541676469.397825
bZt4BMafPUdqEDQTBwntKWxnm9i4jmGczgGoWEBhtBQ,"pump_holder","PUMP",541672952.426411
Gm98QzCfGfJaWWSvGNdPKza21kEs4VnYAs1EKzGy9dsC,"pump_holder","PUMP",540007285.683425
5vzRQzbR6i2796erutrboNs2rDVN7JA9mwpw45sBYp2g,"pump_holder","PUMP",534472146.954656
22Wnk8PwyWZV7BfkZGJEKT9jGGdtvu7xY6EXeRh7zkBa,"pump_holder","PUMP",523441515.886458
GcGJ1V1TNFScT4XzrTQKdZTqVmcheYmmieeK1rufr2yK,"pump_holder","PUMP",521975946.034553
4DPxYoJ5DgjvXPUtZdT3CYUZ3EEbSPj4zMNEVFJTd1Ts,"pump_holder","PUMP",517446773
AGiAVqZiQrz32m1zKC5T4UfQKcDoGNG34sqSHSVNgwtv,"pump_holder","PUMP",509309380.128885
6BhBoBB47wSGjK5uzcGWNcTf2oNRPQNuv6GVdkNyj9PB,"pump_holder","PUMP",505155070.17
AuqBCsK9p6JonDmf3SANmQLcuzVwC5vHGR7ztjTBQF3s,"pump_holder","PUMP",502005883.09398
9ksqdjfmkpy2iDjzngG8Aqez5reYDgezDDSSAF6ey3T2,"pump_holder","PUMP",500679381.264624
7exkjRpjaW5R3SbAQ9W5C5qqRiDyk1nZqJ4TuwWHQE2,"pump_holder","PUMP",500009114.270763
HXDAHHFXMHNpPStytzg8dmmePHUNFc1HAGSPWrBNxKGs,"pump_holder","PUMP",500007428.590594
DLUzWHBuZ4THC5gmeY3ohSNLKeNYnorspojGSyfKvxhr,"pump_holder","PUMP",493399857.320658
6DjR9shdfFZeSo8NuCGWK1XZkekwQ3ehg1QSQSruiDSg,"pump_holder","PUMP",492933639.62922
Ba64vywjQwvmennBzn8Yvaz3h2v8bwVBzao5cKNmc3c5,"pump_holder","PUMP",489839807.035566
DSNfdY4u1VD7XLRVDBQqMyVtpp1T7rjjxPNPkWuoR1Hb,"pump_holder","PUMP",477066764.850599
49mvMufixEbUMzZEUVAnbQ8hLLuEWy789XfKUNTz7wCv,"pump_holder","PUMP",473464471.195467
FdZHwBLQ1ppx7YBgGEpFcAsqd1W2dvqXLNd6D3ZqZJt5,"pump_holder","PUMP",456757331.689625
BofA2ViUSudPBTUms2KRuG6AHNeMawjNfwqTJDgx5BKW,"pump_holder","PUMP",454007500.778185
ASjcn6bnNQDBmmccben7JYipkXJxuFrzfpEYndNDpvfJ,"pump_holder","PUMP",450007571.426965
2Ejnns2Fd5gsZdFJbnkZmQEwbrgoiMc2ikKcS2z2Ps3e,"pump_holder","PUMP",436832435.633596
AVr8LrXzt3iFD9vKYkr6N2a7nopuKtdkdqwN3XrPmT3E,"pump_holder","PUMP",430573783.835139
ALynvqVUy4s4iKCkFis53GVHs5e8mnchfUJaGK1pM5Ki,"pump_holder","PUMP",406256796.679984
7eXM8HNAfXh3iNVdj2FnHN5HjWdJLYr5tUn2aCP2qeFo,"pump_holder","PUMP",406255885.531115
G8D4vceoJkDYemTTWwFoPmW4wBHmMeixa8vkrxkFZWSa,"pump_holder","PUMP",406253484.678308
5af4v4d8ZZobpdr8YRGakgydgRhPqw6Z19t8j5o7fabD,"pump_holder","PUMP",404966903.353357
4UP7t9p3HEd9gfF9gFKkGa1ZvLXFS2naHgnxB4fwpLfS,"pump_holder","PUMP",402988810.050084
8Q5h2sAmdHw3cuPEE9jPWrbK1mqJ8Vcqe91byQ9FUMTL,"pump_holder","PUMP",400011228.681773
4RwinJ2Rc1KPGYnifqoouQePA7hohgMD12hjBjjV77fG,"pump_holder","PUMP",394123249.79256
2pnU7DZxmPehXTURgsUG35dsGSpLtfTCJY6Zo1dBKyt7,"pump_holder","PUMP",380485539.36379
6FEVkH17P9y8Q9aCkDdPcMDjvj7SVxrTETaYEm8f51Jy,"pump_holder","PUMP",371530631.041514
7vxtQ7sDP28xiS2nUJbz8pRYMCWCUDtabeMEuBXSUZnr,"pump_holder","PUMP",366802826.675055
fxcuXATiH64ZBLDwGnW8yY32Gs74yAgPs7ifpgQ9VnU,"pump_holder","PUMP",365117580.617903
ASTyfSima4LLAdDgoFGkgqoKowG1LZFDr9fAQrg7iaJZ,"pump_holder","PUMP",364527105.940234
4D61gystQqfyw6GhUyHxPhwh3MMbXz2yATHCi8sWFtmh,"pump_holder","PUMP",360269624.378733
54Gizr4Z4kQ4eqLsGYkVeqCYP7V5M5Xm3CXXX2QYoubE,"pump_holder","PUMP",359260516.571291
8Mm46CsqxiyAputDUp2cXHg41HE3BfynTeMBDwzrMZQH,"pump_holder","PUMP",353160091.926215
Dr5oMBL2wpxPUCcEmCKdXPhioAWNRWYBv8Vyx6LRU1w7,"pump_holder","PUMP",333326801.941413
256Eh2SHgCtxhhdVWyJ6HyH4xDgdRP7R4ZbHn1GpLoUt,"pump_holder","PUMP",329569911.020936
6cmq4Gi9tczKBd4SgQdVPxGhGhRzSyYWXmQEqQh4b6pN,"pump_holder","PUMP",311817874.58648
FjxgGwchRnwxaEcTTNJ8MHkoUqZDHwuEVHawMGASx441,"pump_holder","PUMP",306265730.383837
DVRKLJ1a1R8RXtvPajhHBvuZzWpdJJC4XSUzXqnfJT54,"pump_holder","PUMP",305430861.517456
9trzhTbWL1oriXVJ1e9yCv5pYqx6YzsdVxESxH6Gjgi9,"pump_holder","PUMP",295031838.344243
6gVV6PiRfAmCWBocCAASyvhFjihBakxjybFEjRbSoKvr,"pump_holder","PUMP",293109419.388099
GFbzkxKE6wWgFmhdvmp13vfF6kVCvQ4k6dCZahLqL8Lg,"pump_holder","PUMP",290833207.97089
6rHo8LUSzyd3fX84nshmtPeFYAmzkE87wKzx2rmPKHQ2,"pump_holder","PUMP",282077349.969596
9RZd3P9RhJfmmLTRzmdwAzQkK28DJojvb9hExnU95pdR,"pump_holder","PUMP",281415443.226271
79F6D51MSKfjdK621TLnVgz35U3srZj1W8b9dxwBHAT1,"pump_holder","PUMP",273890710.803782
8gwXpNog7tHAKzXgzQCejm1yxM2Ai8SnVkWLRNBAznJt,"pump_holder","PUMP",273870248.149108
3HKnsZtQXrT42W8PVSLs6cTUQBC2BmuSRekMY2zYY87V,"pump_holder","PUMP",270838135.829703
GPdHif6uJQ4827bkDyE3BUDtWs3R57SyFKNFF2tcfW4U,"pump_holder","PUMP",270835767.534218
HagFJ5t7W1kRnbqkJxgvtuw1779ReeJ3gxCGGiEosWz,"pump_holder","PUMP",270835767.534218
Ev1AaPu4c6L1QEXZiLv9DkNBa3ZigddiXYFTk9tN2DoK,"pump_holder","PUMP",269258874.397604
4GC3a1RkRXx5shwGP8pTY6cxXgSWkbfc66vM53a6qSKj,"pump_holder","PUMP",267125832.093432
HiXhw6DyaFsGVntujTDrRcmutEWMfgD3edAhXZidv2PV,"pump_holder","PUMP",260594836.538807
3NFzQqWHMsdrazY2yrBWAhugR8gXtfBvCUQTHaPFZ27V,"pump_holder","PUMP",260568062.81
GNLPhHS33k2pvgF9UZ6HjGTsGfgz7hxAMKiHQDsjFEAn,"pump_holder","PUMP",257968633.535769
FZ1t8TZtx7VSCQdBsxvFJiezj9paUBF6Ub7RKA2eTGyE,"pump_holder","PUMP",255879589.48
FNQouGxDDAAaLVKKfXUZFp3uM925FYkpWhvkeykUViD9,"pump_holder","PUMP",255265195.487938
4peJMgPmYehSAwpxfimz5iCSTuumiRRnNuPMngSGyUBy,"pump_holder","PUMP",253920885.633466
ECUa5EfrNgNPAp4SsjZyf6qhS1rvQE14wvLBurYBctfw,"pump_holder","PUMP",251299373.853618
64CuV85HHCydAwxQMoXwZ9HXoyw5qE65NkiJxCtuFErF,"pump_holder","PUMP",250888782.714569
Hm4x3ZguFCXQgdbfhVv8ik6gyqBNwTWnhuEWTpY1jMeE,"pump_holder","PUMP",250002112.722691
Hxh1BueBBw8bWfdE7ciEvYhSkmT8K4SuZZh11ZaqYTdS,"pump_holder","PUMP",250001987.721572
F2fC7WD3MPs3Px68b66LA65jVouaiGVUvNHAjgfNzsHp,"pump_holder","PUMP",250001987.721572
H5B7YSEXkmsfPMpDb64UYsipd4ow6cRM7sVNSBoFTsjS,"pump_holder","PUMP",250001970.58535
8ec1wGmd87WUVmrgiiCKDqmeU7o7JVg2FwQVZUjY3KP,"pump_holder","PUMP",250000010
5YRenKkxNMDREEs7JDAR1DBUxhnuXquYUd9XvH25RK8F,"pump_holder","PUMP",244438944.049995
4z56a1TK4utNZJYX9udBt45cpWUB1PMqB8NgRjTMkRJy,"pump_holder","PUMP",242664577.279766
8Qnp5yyLq6xPpegsEPcjYNQvqpzASx2Ar9EJhPNf5u38,"pump_holder","PUMP",232999884.73
2UL8hbNaoErAYNePqgQYPP9yDCDRZGWbzKW4krLqkhNL,"pump_holder","PUMP",230512166.700394
8VgwfAxaNJTFrWSihtXj7LHyfhrogjjcYzk6Z3ev786K,"pump_holder","PUMP",229881725.775304
2ysGaM4dQcmVTVaW1RsxcRntVE4JK4XNwFX5LBEbUJfd,"pump_holder","PUMP",225946807.155802
DMe3ddj7awSR3LFC64rjmCPexsrSv33QAxFoJux4vGH3,"pump_holder","PUMP",220218690.265655
GBrURzmtWujJRTA3Bkvo7ZgWuZYLMMwPCwre7BejJXnK,"pump_holder","PUMP",220000000
3Fy5oFavnWzTZ8YRBhZkyT3ioKtBSDVVxFkbSPefJHyF,"pump_holder","PUMP",217201715.101636
3Ln6KEgLoMR2xFHfqtYazP7CxFQPDtUVVtwCVsLKVfmV,"pump_holder","PUMP",213144564.158162
FFDAamfSQpoKsUKMjzt6rvzLAUQKfnSPFnBZQyZk8HWM,"pump_holder","PUMP",210099835.991025
GNRgBxkRFnyLYUTX8DSs3SM3Wm4jYSHQn6JQQVXapoRc,"pump_holder","PUMP",209095512.504889
65VinFQGGAdGr1VDYbBu1joNSYgYTNZdbEgTGBxnQ4iX,"pump_holder","PUMP",205226287.343776
2wKyvVH7NVXMqXNKsAJWa7JM1L7xSC6TsD99YFdL5BUW,"pump_holder","PUMP",203695760.467804
B86WT4kLrYrgwczM5yAayFsg3v3s9i5vMnNgPjB9nsg4,"pump_holder","PUMP",200000000.003259
zaScPesBAkywbPbhH9VbH6srm8398X1UJXpokLdVHVk,"pump_holder","PUMP",198001927.678374
45ssPkUQs1ssbeDqxD2mZrMdJYAXF7GyQyhS5xDXuWC5,"pump_holder","PUMP",192223833.291041
77mCuhNEgFvvX3jw7afUmHnwVJLxw4H2Gzd5SX9TmEF6,"pump_holder","PUMP",190275612.380575
6xfPFKnwv48XvxpFf4athewqGFvSTKQcMmfzYapgZ2sG,"pump_holder","PUMP",183081048.938893
4raqd4tCEnm2yGeUocVqPgN2MPB1W6A3EZfC8LoMChvf,"pump_holder","PUMP",181597541.937183
CxS5Jppbm6nUuxrkse9fRqPQ61P9XpHemviTpeUSBTVN,"pump_holder","PUMP",181269293.006999
8d9FNC7AgKLTCPKNd3MMkLLXZYLmiYFYR3vfXMBNJVNx,"pump_holder","PUMP",180889919.94929
DMHbiCrrG4tiAprfa9Df8KXDG36Dg7xqpdATEAHFYFV9,"pump_holder","PUMP",180000000
4yqgcP2EvCyyE14Zd9H2jPFMK59q67YUz7bBnUcKcfVE,"pump_holder","PUMP",179201648.665512
AHzDwT6cLxQAi3f14JHPAQF2texExGgd9BT9Vj6Fes7o,"pump_holder","PUMP",176044294.834126
AbVPC8iFQKF8cHhC7ouJaWgdQN5y5tfe9ogQ7Tzig9AL,"pump_holder","PUMP",173092862.469184
71S9JBgFBMntHdfdAoj4hafg8276kqHKcUrQZBkUX56m,"pump_holder","PUMP",170569495.945644
9Tv7siEtYvJCYTt1NEwt5NkZqgRCjBQBpnDKKVWPZtCT,"pump_holder","PUMP",170255551.065549
CSEncqtqbmNRjve42sNnbs5cCSmrjUNsAEwc17XY2RCs,"pump_holder","PUMP",170021057
BFW2cjXqhk91B8cj9kPZvEPc8KFKgkN1eYux7QC2jqZB,"pump_holder","PUMP",169276165.076336
B2t62E6EebmN9mH3dZ31x9SgnoTv1JwsBZdhcAKMsQgL,"pump_holder","PUMP",169273360.802047
DXSUBCAqeggmfdUfwaDi6iL4sRpVgHFUsDV91ZYzuLve,"pump_holder","PUMP",169273360.802047
FZagRtCxFVCm3wydUMDQaAkohLZzZPrrmTa95Njn3LAe,"pump_holder","PUMP",169272326.513983
ZnCRSoMKXuTdrcVFbobUr6d9weCPegBtgdXPDzRRcjC,"pump_holder","PUMP",169272326.513983
6FfMD6kqraWzixZnEzyR6LHLw6oXgPpqSCK6UcXUv2sw,"pump_holder","PUMP",162208821.601073
gjsbSsJFUU3nKq3UVhLEXM5uDpoqhh1Qjj4aMqqEn4J,"pump_holder","PUMP",161876775.6037
4P4kEFxohJSAKawXK63JvRE6obYz5vUjJ8xX7swQ4DKW,"pump_holder","PUMP",158186535.882441
D8iishPEtB9XUF3rEtZVDR2cENKrWAvWtnEPTU8UWv56,"pump_holder","PUMP",157906379.404997
4y2T1ghykCTq4EddoXjptZamk4qAsqcZw6eKxS8jdvE1,"pump_holder","PUMP",157653876.228488
6bfRGGxk2H4c5phHUnskfLq77zCtC3MjjE67okyqpCVu,"pump_holder","PUMP",156252379.444903
GgG65z3MXpmGnV3ZapKv5ayDqox1x7CJnqP1LD8FaZdt,"pump_holder","PUMP",153195657.42379
GyL9JZ4PFFGd1LiX7tCWvjTAothh4XMPenbyu2ouZqbv,"pump_holder","PUMP",152853277.656977
JqmDJJnx8Qof7DsrJneKxvWEoxjG3EYF4KWrdeQcB6W,"pump_holder","PUMP",152553826.84356
62Qi5at2WQwFQqvieuYp2eBK7D2iQS1oNmE4NcLnXn2Y,"pump_holder","PUMP",151003817.585645
6HPXAWfk6rGq6JiTW3RRGwVbNjQQ79SNk3A2ACvBVdqs,"pump_holder","PUMP",150002284.667114
BCvYeeeehuPQ7gxGhzBjGTNEtCiSyPSbsKuCqapbSvVm,"pump_holder","PUMP",148783465.298421
AUbn1VFbvP1JWrfUbvuHQ2hr6SZxubDx5Fzy5xT3xS8b,"pump_holder","PUMP",148164444.801716
68VZ4TtQ6B4SQgoJ2AypqzZfCFNkH5Sbmsoc4Q9pnpcB,"pump_holder","PUMP",148062897.392288
Cc6t6Z1E8NRiM62Nd9J91TdYVAU2zBubPpLYLz4rrfaG,"pump_holder","PUMP",147542062.335601
AGVhmrhDi3RKLu9nxnRqp3CUpaG3SVeYXWkWcygHAk8N,"pump_holder","PUMP",146407816.005271
7oYppe9TU3yodYWvqADc6frfe36fS9357yJ4D7MMX8x1,"pump_holder","PUMP",146288736.210219
Dwgaka8QiSkFQ3bGXhZpmncM63DwhjK5zzQRiqt9WA8K,"pump_holder","PUMP",143866990.28171
43DbAvKxhXh1oSxkJSqGosNw3HpBnmsWiak6tB5wpecN,"pump_holder","PUMP",143334075.862245
887vBqknV6hhUkFp1Fgf5GUkG3DmpcFQyWwsZSUJGEn3,"pump_holder","PUMP",141028875.619454
Bfb9yVKX3GHGDbdhAdKVu81Whm8crzxQRV4wdav2GD5Y,"pump_holder","PUMP",140058076.9611
GypEURvoCzn41hSDR7M4VgJyvoaz7nVaDkmAWDgan8sK,"pump_holder","PUMP",139149517.982169
53unSgGWqEWANcPYRF35B2Bgf8BkszUtcccKiXwGGLyr,"pump_holder","PUMP",135422293.694701
4o4gGeLZJQukQmrJ911wXqfwAsdoNf19t8D3VK6mivCA,"pump_holder","PUMP",135419006.191517
2TwGxSEkH6piC52tHSV1QksyySeY9NyuxSJP9vnD4WwZ,"pump_holder","PUMP",135419006.191517
EDGVXQPitgC7BcnD4zH4vKh1NttCfyC68T36Rw7Psw4N,"pump_holder","PUMP",135418649.474371
9vLTUDttJEGnP1d3qmMqDxiv7Z4X76EGfnQD2WuFRjCz,"pump_holder","PUMP",135418639.474227
GL8T72PKygWaYrLKtSteN9UUvYYnuC8azNDunk4eaqqQ,"pump_holder","PUMP",134741995.99
6Q6Y3WXCV5wfpowjJ3zV6RA49ZYc7txEwWdTAews9iq4,"pump_holder","PUMP",134501998.72941
4JAsT9JHefbfdPrfB2k9yPssThb47Ze1yNdC9LVEZthy,"pump_holder","PUMP",134230258.884607
A4JVCGGwyacHaBnzL5DbBmWkseMhbcrbceVyxTxF6Bqr,"pump_holder","PUMP",133789221.955423
8ziMP4Bc5HnPjvdAQRnCed52QpvALQ16XHZ2PTGRKFM3,"pump_holder","PUMP",131894929.859844
8S3BjPnAygsmbGnxpLUNympLoeEnRJhyqHkpuxY6aMdC,"pump_holder","PUMP",131756472.927685
EENz7sF8owK3yRhMikarxfj7da5f79Kum2Pde5yiVkjo,"pump_holder","PUMP",130775670.542634
2YxQCXt9spMwoQZiwFLwdjHtscVvXi4nmxCkQCD6Rvgg,"pump_holder","PUMP",128071228.524607
D2eDjPbzYmYzUQasuqGsEP5muyGuanXeKeEtJw7zAo5u,"pump_holder","PUMP",126662195.749264
VCXLWcXDhEUSxcQvtnAvoPEwJrXGfwgJsaj6hFMn7zQ,"pump_holder","PUMP",125241323.034264
FEgfCaSjRke5NDKrzq8mmgRZbNX1gNvSMpwDc9XEMEC3,"pump_holder","PUMP",125115185.184678
EJxRGKxzAdjb7edFfMRtpqUM1zgXL96m1BCmaWuNXHL9,"pump_holder","PUMP",124610543.306713
BpvuD7wcEeuUQRFJLgwEDWYob3GaGTpACQpz3HAN2T1A,"pump_holder","PUMP",122739642.709835
9A9dUreQvTNoqNrqQC2DN1onfZWBtCBsTiuA6oGXZwc6,"pump_holder","PUMP",122643082.958
J3wSkQQRR4xDya7uY9S3UM1Y84oKbFZh8eUHM8qu6vk5,"pump_holder","PUMP",120372740.090489
HbjYfcWZBjCBYTJpZkLGxqArVmZVu3mQcRudb6Wg1sVh,"pump_holder","PUMP",118108393.556545
6JGvsM8dMXXLheM6td1vGtQwarCZoPCwBqVNX1W6cEGE,"pump_holder","PUMP",117036905.095
4XUE9iX1fAXaLQLnBmDnv1ytuLw37Dtvg1NtLqN6z68h,"pump_holder","PUMP",114100386.757532
4DppPW6VkMqkTxhbXEzQLjzDUMPXFWKc4d8RdAkpcta1,"pump_holder","PUMP",113177168.645707
AuFwLmvZpDdeMFLNEVUw2MT8PnT8q6fxDk6WpzppQDZR,"pump_holder","PUMP",110000000.88259
Coz1QAJv9V9aeBi3XyCx4UrVuNxR115zetdA8zSD8MZB,"pump_holder","PUMP",109941981.796568
GV6UUmNxz2RpKxmNAPadYKb7uQpszwqQAu3qLJxVdC52,"pump_holder","PUMP",103117017.408842
C8XzHPYLiy6X8qDhe5cBocLEUEs4hdYDCha9i6Ex75Y3,"pump_holder","PUMP",101989713.722959
3wV9nLx8R9EV8h5Rq2BAaJMSPWazfrAnPMU5NCUYKrsm,"pump_holder","PUMP",100001156.657246
9yQSixSjv26vmXmnoLdkuos5fuaGdFF48mxzjX1guMHh,"pump_holder","PUMP",100001073.87964
FBQGkmj95q49ccbA8RLJFBJKRNYNwz7h4PofkxoxYugr,"pump_holder","PUMP",100000545.031712
B9hkoG8rjSsJ3FcjYMu2NDschscJvVSfjWZKrZYj22iv,"pump_holder","PUMP",100000386.204926
8fkxhFCCdzNRYQzvxgjKdFgQo9ya4it2W8GxFUup1qGd,"pump_holder","PUMP",100000000
8CwBwNZdGzq4jsCxogAd7XjRVicp2XeiUgxzeffCrFMk,"pump_holder","PUMP",99119357.169077
A7J8TB7CHYEtLPirbm1c39VBa3AGp8R4ULry7q9sXcg1,"pump_holder","PUMP",98765424.148896
3XrqaGdaurstgTjbjoX4FpFUX3aSh3Abig99RkPGK1rG,"pump_holder","PUMP",97539598.267432
4xJeETiP1nQfk46bJUJ2n6pWmecQPfmZkuP22tWEznnx,"pump_holder","PUMP",95449184.69
G4ZuKNUK81AfMTNXizokDVx7Q7Wa4MvnwphSvnG25VeU,"pump_holder","PUMP",95132653.993466
Hmiz98YWHu4R8hnatAzodmBQC6owNPW4cERSDcigQ9aQ,"pump_holder","PUMP",94972549.50625
C1RhFU5pmD4FcQGUi4MP3nzbLQf5vBJDfLLjCMPLnLLN,"pump_holder","PUMP",93822587.0864
6VSUzV9LtWgDJPLgjazn6MgBcJ3fKQV12i5dfKq4xMH3,"pump_holder","PUMP",93751093.803777
EhDyxGpEz9hryw6MwiBB7898WEzcoGTCAjVQMHbo6Q1M,"pump_holder","PUMP",93164149.509302
Am8MAEorCMAKxphqjAz3Ff59NEwPm4W2eS3DQLi2B4hg,"pump_holder","PUMP",93158076.032013
CmPWYBJUULrDrq6kNa3pXbELNeQBvJ48GfnoJs9UjVcs,"pump_holder","PUMP",92101763.950898
8ekCy2jHHUbW2yeNGFWYJT9Hm9FW7SvZcZK66dSZCDiF,"pump_holder","PUMP",91616978.185036
5yp2vYHbzTy8tgy9u6PmNJHZ3Dx8ktDVyRDtbtP9HHYF,"pump_holder","PUMP",91195744.941317
6D5BvU7VgaCG1SHXMDXVVdLhyhNZpRPeY6AQqk7x6U2G,"pump_holder","PUMP",90923938.778731
CSiN8176BNxwZP8y7KrVB5a3xVUkuyNosRr4Vzf1ezMc,"pump_holder","PUMP",89863107.115609
BN8rRoEifmfexngPpL4Rh8jpgi4VHizDXm15Qz81METK,"pump_holder","PUMP",89660423.843949
5WJi1s1Lmyz3uwrDThBGZgxtGms1fvBTy1LH1y8NzZ9s,"pump_holder","PUMP",88882548.515065
APSRwYPQwvsV5PivDVZeoKyHSRgrTvuJyfk2hdgMt58Y,"pump_holder","PUMP",88557281.293091
BmFdpraQhkiDQE6SnfG5omcA1VwzqfXrwtNYBwWTymy6,"pump_holder","PUMP",88406879.520136
HR4ZJkjRnunRUphqfCFZgfzrEzz97fU4n3a5GLYG1xnx,"pump_holder","PUMP",87993474.341706
8wLTN387C6P5rYqZH7L4fpU6NLHeVFYcxSykdAUWk8Wy,"pump_holder","PUMP",87292653.825781
2QaVaBFCBgGunQYZecvRsadDv8ASvLYx2mXHDvXnhtx4,"pump_holder","PUMP",87055554.089986
GYiTjQMimDiEPhksaajVteHR5wWfw5kNBx5Z4tBkx7UG,"pump_holder","PUMP",86975059.725537
ADqZYsW9SVZ6bCSGDqfBiPkfaZuQKGg79MA357otX8Ud,"pump_holder","PUMP",85464184.201481
8jKK3poedvbmQhDDX9zxSSGsEvKyWBEhbDoti4kppR9y,"pump_holder","PUMP",84935548.595712
HhAzbNeBpWstxYM1R12fD6hEeXuZ8zVa4dqmN2vc6yiX,"pump_holder","PUMP",84893456.413808
HeoSbuZQXqvAPK6tckuBHoRPmzJL9ud2odPPujnt2Ykk,"pump_holder","PUMP",83981705.125681
7u4SmR695hYNDwBE4yMNN6zxnSnEzBh9mkorM2jNNY8P,"pump_holder","PUMP",83762106.487639
JC4c8zRbi68Z1y4ovAXFMsFFbTc9K1DRsWdftNjCkUxc,"pump_holder","PUMP",83620851.710801
2rJ3JyiT2jVUgtGAkbgRYhAoda5chCoGAkLNWYHus25z,"pump_holder","PUMP",83334597.433717
EWJH1tZ7i7FsZBZVYVXyTu1rAyYtxWSS9gv1MJaknxdU,"pump_holder","PUMP",83281996.164127
9rrsyYStsj5TVQ63REsJS5AFXCRV2fkjpqH8gy8WVUNb,"pump_holder","PUMP",82863042.272953
C8DgY2dvb3m9roM6cuJYwYGe7GHyVKnUD9jwgPeaAW8w,"pump_holder","PUMP",82848313.644858
6XHzigwW96CXM98L19CMfphFfnW1e7Yn9JLFjtkdoGLh,"pump_holder","PUMP",82255316.60236
653oTK7oPTnj98AEct5LmvXDacCJXNwJyyoPoSyJguro,"pump_holder","PUMP",81250928.835565
FXhPLQp5LafQB97AwNsmp1ewmkNE3DckHQoCkhKJwPzW,"pump_holder","PUMP",81250432.377263
47Fh7EcPE9fi4EmTZeukLB1svFSJ6aLPpexTg7n8X1QN,"pump_holder","PUMP",80475590.470053
6o5YfCPhRNA2p5RSnMVC3aJhHiBZXGRFzzpfh5314kzg,"pump_holder","PUMP",78538483.219407
6orybtMkjGRyDRoqB5WWUpWWwD7C3R1qTMW6cqqcAJqY,"pump_holder","PUMP",77917547.728388
JDNNzPs3VDPCwKFjZsiq15r7nP13sUutkRyjTUTxkXEL,"pump_holder","PUMP",75849803.336785
Gmej9sdGjEy7hUs4xUoVSWLYvUCwJsrZUtu3xYmjFRMM,"pump_holder","PUMP",75776883.85166
HxxW8jrRUXxqm5BWyDxvQL7LmiyVvhDmmNnpkaZoMqdC,"pump_holder","PUMP",75663959.986958
5fYmcKbdswHsp4b1UBmECDDg116REzfmSwDE4VhK9URd,"pump_holder","PUMP",75277235.591028
BzrAkcqkcYLwcsx1FrTgRFCX2u3553nhG7o5p3KsB9Ee,"pump_holder","PUMP",75192562.426256
f4CMmXJCRu4fzyqZPkDiFhGKAeCo1s7sxUtPKQp9SDy,"pump_holder","PUMP",75009461.474999
6i2aHtxfqkC2biTo98FSkP59FVHPKFRLZWDbdghN6WKK,"pump_holder","PUMP",74098371.210022
6UV3ygYGhu9JMKC9wuDGWNwaP9u4c4tJaxNPu77bMF6h,"pump_holder","PUMP",74082797.939939
dfSzRvYp6vDxkX7WjSuHtwwNKY7fL7SPY4x7LJ5SP78,"pump_holder","PUMP",73959135.960853
6v434aRMo8S21HFWVUVT9bfqF11nwoH6PM7bJJzQGPhW,"pump_holder","PUMP",72211197.054375
FxmR1j3mDiPnyTT1mW4vX6drikupeTf4Tb7hEp4XCAb2,"pump_holder","PUMP",71996242.749826
3aDPJiuydGDUcHZVVhGhyhnZ55QbBdxsmymVmhZBaa1f,"pump_holder","PUMP",71525883.590028
51j9pR4HSEhaq9dun8LGFhNF3grVeaFRfME8MvFJYRQm,"pump_holder","PUMP",71200368.599693
J47kX7PQeRFygZYygyST8n8ZEibyp4PDBcKht29mKaNM,"pump_holder","PUMP",69000318.56656
9u4puJNsa2v7Tiq2gxGvnSnJJmEvj3SN2ikqt74kZvWy,"pump_holder","PUMP",67775524.753232
ENY67TkMBSZTdutL55aSoMoohvugz3BcrMQ9vgRwVJjg,"pump_holder","PUMP",67765469.42091
GmkySYxUg2xBvt3rtDxGs8EBFkEZ3398rGBWp6kqxxYi,"pump_holder","PUMP",66752765.094669
6VL2QW6sy8cjxL24xHL7eFbnUSi35DMJd8AzRwssSs9y,"pump_holder","PUMP",66055843.099072
HCEFQ2vUPWUWpczbGswrnFjarzR92c6ezd1VLNNr3h9t,"pump_holder","PUMP",65866921.100023
DF55HEiYK6QDdTMmWuH9vRqaVCvNr4LpjqfNRYv3oSjR,"pump_holder","PUMP",65763809.805491
FRZA5KgoWABae4Q47zjv2xhwA6JaFbPCjtpZquzpoqG2,"pump_holder","PUMP",65223341.756141
CbxqjVH92zoosFA7sRAr6jRUrx6qzzPVTHSB8VCur4m2,"pump_holder","PUMP",65216046.000014
A6ymyBiv6EYhFbN6MacQCTH4x71GGpW5gZfwmGFmirMi,"pump_holder","PUMP",62502884.274836
ABAMmaG7UB5v3B9vb6DVJj5Sx7e9VTBEts8pFpj4YgCf,"pump_holder","PUMP",62500634.252003
CGBhVmFinPKZvwcfLBJMSWukfRFT9aA3HvCHszxrGG8R,"pump_holder","PUMP",61748386.246356
7w9UBJnbospqSMvekAaxpXznTf2dDpTHVvb5mtT4BKYi,"pump_holder","PUMP",60000553.279339
BXG4aftJWM7SCcMKx7t7Ct1JDNFgRCJfF3gJrt1jcmCe,"pump_holder","PUMP",60000278.790642
6HzyUvinGxjnsnB4C9u8HL33YuPej6Nfxo225S9UTGV4,"pump_holder","PUMP",59345649.717866
63pVQRcPUjphDSu9MadfNAuKpjBWQUBpC6Tz2A8nSzrK,"pump_holder","PUMP",59279236.888777
9E4fv9BsJ2BwkNBXDeUgpJYtrYPheMQWYFcxGYxDFshX,"pump_holder","PUMP",59253188.740332
F8jBtFFt6V2MJinfbDgJUyWgTPJtag7KsJXbpk2VXDXQ,"pump_holder","PUMP",59022990.542945
AobVSwdW9BbpMdJvTqeCN4hPAmh4rHm7vwLnQ5ATSyrS,"pump_holder","PUMP",58677301.504628
42ByMmQW9vNJpiDXtgRA8S8hWCUHFteTbHj3AWHnUBiA,"pump_holder","PUMP",58500634.252003
9feRiedSbXhV54GmninTFg2XbDpHRLNTViLQAMz7kSjZ,"pump_holder","PUMP",58355062.414327
7Vq3ATcXqvZZJzYTwqM5KqnwgzyPFYvFuqJpuM786gwn,"pump_holder","PUMP",57317882.046955
7CscJrKVE64TvXXNS3uRQ3aQXmdSfWcrBYBSRcxwCUtw,"pump_holder","PUMP",56972434.866063
Av2nB9wRozgetnmxZ4hpLHPrqzVQc2eyiCE34LyaXNgZ,"pump_holder","PUMP",56863768.721585
Cw32Ny2xcYdpfJmvFd7h2pRhcbcjoJFq8KrrA8YLwZeh,"pump_holder","PUMP",56781000
D6ygnNUcwAQ2BdGeQ3fVLs7EiMXGpLQpbVV1fQZaDADK,"pump_holder","PUMP",56761303.530206
65hepC1qGo797qR8Bvm3x5C4pUaVUGZCPZdTJ9tZDhk9,"pump_holder","PUMP",56461600.645818
HP17G6p11uMpWXrKyfnPePYaXnAd817Ghthf5Z2277cj,"pump_holder","PUMP",55584657.760345
36834KCzNbkkpgJ6rJTzKv8dvPheow1knJLwAqqukswC,"pump_holder","PUMP",55427142.458899
AwW89PW2GYGRYmhBV1bnfoS9kRXgWcW5PCvr5nH4uCWC,"pump_holder","PUMP",54908041.22799
FYPAkrEm6HoFgt7y8rLoU3ikVYQVTx9ahmp5wQJBhECM,"pump_holder","PUMP",54845353.412608
JBJNZvZZSrAMDg1QoiSNWmi7ygPZGFLDyNMxK3ohEL7k,"pump_holder","PUMP",54785328.07622
Ga55aQZCrHfaJUWnBaVxWxSLEYpfdXPrzpmujpqr3VZA,"pump_holder","PUMP",54485879.195091
6SF8A35Q6Sf7FV4adDdxta3UFvZVRGP1fHeFBsrxuYht,"pump_holder","PUMP",54082083.074334
GBJBh1PESjmntwG4kCgaN3ntuQDmqNYjvmNKxw1UVTB9,"pump_holder","PUMP",54080945.166737
A77HErqtfN1hLLpvZ9pCtu66FEtM8BveoaKbbMoZ4RiR,"pump_holder","PUMP",54037676.671949
4gXs8oc2yEwDTPkDyo6V8ZixheTCZvu8JicrEuDat8tH,"pump_holder","PUMP",54012115.111959
961c1qZtbED8Z6H1gV4jUuqz9MS7XM2G64qeoCQg19to,"pump_holder","PUMP",53955609.574579
3oSZX3QC4Tgb7FETT4TeptDfU7E5bNDANbY4Zj7rhU4G,"pump_holder","PUMP",53931322.208787
3onDYvqYKe9vMC4zajZK1uGaBH3qhS34BRQr4KTQK3uF,"pump_holder","PUMP",53163196.136669
7T7xBJVBsQvMLypWAMEBbqsy12i65FnuJMdDV9vHdRMU,"pump_holder","PUMP",52921357.292505
DSFWxvJjgvLbVqoQ1Zwoe1iVHhwFgrfSiF3ZK1h7nd1K,"pump_holder","PUMP",52765481.910435
9obNtb5GyUegcs3a1CbBkLuc5hEWynWfJC6gjz5uWQkE,"pump_holder","PUMP",52600543.111431
GjVYAYxRyChHnMLVyFFtdQKtHJkuC4UHBR219Wna4ngs,"pump_holder","PUMP",52571404.4551
2QDGj5BWMSNyEfmyDFx7eEvWWm4KujUPJ38Xdkntvxtd,"pump_holder","PUMP",52375275.050831
6Cwj3rGV6JPB7UGaox1cPs4UQ5aqcufuimm1v83bG4ug,"pump_holder","PUMP",52240669.683483
ChbMBbBvZmTAuTHFjAoCgUAJQfKkpwfrdMT9cGzv45Tb,"pump_holder","PUMP",52083813.610537
MfDuWeqSHEqTFVYZ7LoexgAK9dxk7cy4DFJWjWMGVWa,"pump_holder","PUMP",52067523.250883
nya666pQkP3PzWxi7JngU3rRMHuc7zbLK8c8wxQ4qpT,"pump_holder","PUMP",51576740.2707
3RDymGPG9TvcKnVUgg7ikQnSTteXSGj93WwYF2z3x8cA,"pump_holder","PUMP",51321935.490092
5a6sar9RALAk5NwtUttPfP3SBs9EN8m8xDhzshZu2y5n,"pump_holder","PUMP",51221476.72491
7r3uA7N3YkEMRusfmEfztZy1xHie8tsfDVPge7tiWCNX,"pump_holder","PUMP",51008478.861287
DPVyMyeKjGaFugddvr1EVifRYZmFL1qzACnEcV8WbAuo,"pump_holder","PUMP",50695734.061033
AxVn8rB4BLFUxvPhBywQnca11iMapKP38Cd78jDgx5zR,"pump_holder","PUMP",50356745.306201
HgidJD2zcYuqVgfabkyveAEAu7QFS49X4bCAqPti8Gvq,"pump_holder","PUMP",50299168.248893
4i9t7sem7FyWJ1YX44xYoV6EpvxVhPn3byKVcNgeonbg,"pump_holder","PUMP",50108842.91249
9S8Kh6qo4HSJfYKmNJkMkzDGQgXGGmqgYFy6Up11PM1d,"pump_holder","PUMP",50099081.831337
E5A5Sw7q7PoPyvhnf9HdVESDf1pTbVjWG3HRrtdHoE5H,"pump_holder","PUMP",50057149.08885
Gf6wvaWvvDRJqj2e3k43uFiA6uwZBK2MesE3oLuFXMG3,"pump_holder","PUMP",50057022.790096
7iBFUna6yLia5EtnR2VapvnSEPBApYh1SxRfbAvN5LpH,"pump_holder","PUMP",50000461.066116
FLjJhRKPUtZ6DiyFkrsovpF6DMmPLpCFkS67daW8XaR3,"pump_holder","PUMP",50000180.13651
8nLyjrYpADH3WLFrGFxezCyMpCv8TR6j6erzovdQKwCV,"pump_holder","PUMP",50000171.493445
Bgk1EcweyxFaihfq8zhC6ABJWtVSy5c1NbbAFr3dQotp,"pump_holder","PUMP",50000000.763903
FLRoCp5HU99TzgmzUJbqryUKHtUwGs2tiMfUc9FFRtK8,"pump_holder","PUMP",50000000
8EzBD2Tk1L3iFarkcR5YMYZsvKoEbsE2tkZF2i8ng3gJ,"pump_holder","PUMP",49850084.67946
CKq9hf73TV2tUrgQHS455qATatvwNsJ2t7FXjmhAX2Z7,"pump_holder","PUMP",49805084.043457
HFWv1riXSRJ3nVnnLZ9xi1K4r3zppRvcfVuiAGqAA8Y6,"pump_holder","PUMP",49325558.297313
66No4S7sgq5HQHLnGSAKkm2ZpYTYRtGjYGxaUKPqijtw,"pump_holder","PUMP",49081150.111491
G9RCBaYb8aBRxoe8QBC2ucGrVqjuZFysRhY8d56cnNT1,"pump_holder","PUMP",48500881.23
6voGN2kpUdXcBYaZY5vTXVeCDNSRfXfWLPbL7RgsdEYH,"pump_holder","PUMP",48490338.140913
FdhpxuCPYWM98q5q1rHLAYRfXFsHUCzaos5ogz4prR7r,"pump_holder","PUMP",48439406.296099
22jKZvsizPP6qMnEfmDvMExjQfvnQAyvid1CH4VsArbz,"pump_holder","PUMP",48388490.084523
FkaLnX17cXZGyeu3kZGdHCNdFMJJzBrPPYVvd18B3MZp,"pump_holder","PUMP",48345688.992051
FLWxH6bJtGzxj5xfWXR2U666SXvcKy2UZ2bNMx5cuEFk,"pump_holder","PUMP",47328013.652063
CRcheT7YEMRS6TzFEyxDEC8urw57YL4voiESdV2xkMv2,"pump_holder","PUMP",47314613.067646
EuH2wD3rkVp5uosoL8v5kRTMLT5L6jvbwXAXRSEwzdwG,"pump_holder","PUMP",46675921.031042
3me1SEVcAGhDRTf51TgkpGHjbHVtFzZYd76CzdcbTgqu,"pump_holder","PUMP",46492090.6488
8qdmzy1Y2msnNUxaQng8UVP4rDwDr1koksB5H4qPc6vi,"pump_holder","PUMP",46467637.282965
BA4kkLs7cAzBGcTt6cngEjfbFAg9HeFLPgfDmRjmyqxq,"pump_holder","PUMP",46360034.119978
GGnKUERb5TSQn4v7kKdauDfmhE3XcYkZKKLpbbGBV7ms,"pump_holder","PUMP",46213049.173728
ARNPqMMKNgEJUybB6BPb3V1Dukjw8T5jXVdqBp117TJF,"pump_holder","PUMP",46000434.180918
hvDUWGmPmLh46QHys1rHFJzwBZFmaQbLwWxrWAQEXqu,"pump_holder","PUMP",45963259.009652
M2St7Gra11AKvk3tC4fJPkxviWYKpLZSMmKcHNoDtxp,"pump_holder","PUMP",45576980.914841
7QSPT9qLYWQXqRTHf6wiWxekBdzrRiaZ8AGLinwswxnP,"pump_holder","PUMP",45482766.790493
DB2RUR2AQ4wLWDJmShJDqUSHwfQi59p63n7aWAs7w8LF,"pump_holder","PUMP",45293189.343488
7sjjY6mbTVp6aYFR8mEK1LdxWYSVktz3SJDHr7q3Eif,"pump_holder","PUMP",45139174.789361
BzWyEpEubbcJ8HQmLEPkKrK5T2bUpZdhF3C2sfLk1mkA,"pump_holder","PUMP",45000000
HsEJqJhzJPrMGopNtRW5PgTfZqrnZDTwtEUMfPx3Pz5P,"pump_holder","PUMP",44900155.211135
3NYY8saPJf7LBwPFA5VuhQicMoSQQbGjtrnNG9VWkrSc,"pump_holder","PUMP",43560280.454648
HqqzZC5qsNKtZBrBsYvbXhzxUQaADSzkDaifHWe1GvEH,"pump_holder","PUMP",42969148.403959
L5aYRXToe6VKsHe8S8W2rt3KdujMv6HppBCdbfBtofg,"pump_holder","PUMP",42687798.635047
GMssHp6CbAvPujyHRRRBQktJRxRB7Cj73pJTjCL91MU3,"pump_holder","PUMP",42610383.14
25aumswdUinVNtNUmpQ7PGGpxbD5RWWnTP4jteXAyPth,"pump_holder","PUMP",42446889.965252
BPwiRsDEz2r2Sz5A2BwswNr42zGn6jiAmigF3pidL8dU,"pump_holder","PUMP",42209552.672691
XLNEqFBK5FwNmxqCNfy1iaJ5GDfNGzKz1NALTpgPnco,"pump_holder","PUMP",41916159.691148
BMT5uPdv4oT6Kst7DFgjQRMbgWJgq7g8EMynijK6MDJ3,"pump_holder","PUMP",41666666.666666
BbUCacTTm27U9PPiabWdEagN6C4ZTTvMG8uCNk5ZGsqw,"pump_holder","PUMP",40965999
EvhHBQbPXAiSGeDMQVH8yNQkeH7pEqhwwdx7v3z6qZT4,"pump_holder","PUMP",40625848.544765
6vx4FgK2gSngdakzASu6JcLXow7ZEFoD1Q8UpkzfMHJD,"pump_holder","PUMP",40625010
3UbJrjnxtz1KfL8itbsKBnfZ1tFc3fEEPHNWA15r4fTb,"pump_holder","PUMP",40309660.254229
2HwApTJn3kHjF3U86o7rRz1f2XYMN7Y8VwV6AZKVGgcT,"pump_holder","PUMP",40065734.743886
6FHixbfjiQBsiFXsc2ZuEe3XCdLjLNNvWkJagN8sCLp4,"pump_holder","PUMP",40000314.335127
3ejbo5hi6U9DKrSFUYM6Vt2oYnhBU72rbR7WAJXPvyXg,"pump_holder","PUMP",40000000
318hxyDPFr3nmBpEwU73jbK5W5vqRiHMtWkTqVieHqfU,"pump_holder","PUMP",39745301.225453
6k6jDG7tYGERtRBTSi4afKnuDeJJsD5GbCDWCgsTWHN3,"pump_holder","PUMP",39138390.73596
6ofXwU1s3Ma4ZcvLG29UD6mm1auDV5jumMzRnY1FdFVE,"pump_holder","PUMP",38878094.799232
28JyZXxL2AHWF8DreDwhHqTx6SmbASAYQwLwLDHq5BR1,"pump_holder","PUMP",38621019.345956
8KwRzr6zRjuZjWoUjQk2rs8yMSTs37mkdmz6pxKLbLPK,"pump_holder","PUMP",38499350.392383
CjVCBMv8akq46NkMxScQZhHM6Jft2wLe9a3u9ThYFzdG,"pump_holder","PUMP",38440661.6
46yHvUZACgg2ZqfmebXFaBeJKiE23MgpDqJ7HPoPPtHW,"pump_holder","PUMP",38246355.838655
4sZdivk4EeCbvjMqRPH2cuyFLKR3yXzMubq4SMqq6F3m,"pump_holder","PUMP",38133809.0455
3hyKAcCW6GXyhwDeRAUtSUpzGnupdMQMRNKZexcYpeuo,"pump_holder","PUMP",37921471.146802
9Eh3X5Y7d66EZU1CNKnuggdLLx73PeLpajTEyFkoRJCb,"pump_holder","PUMP",37525042.871926
Kpn43bBgxYBPKyp4RZqvPzNpM9YvtMSNNxrVvYFm9dN,"pump_holder","PUMP",37491960
BcfgBSK7Ty7TutiEzKayZY6UDvYK1Twou4FXSoR5qVNV,"pump_holder","PUMP",37327477.902132
4AFAkCSkSNmra64irggEFd8ZtF4WCtFe51qVaFFNBL2D,"pump_holder","PUMP",37159022.582531
AgnaNYcNXDL5Kzjptxb4tLF4NRs1GunRh2SdVCdLST3T,"pump_holder","PUMP",37023395.92851
CMQgBRmmWBRitNDCCpj8ZTTwYMnhyRk5gTBfAHqW5Q9,"pump_holder","PUMP",37000000.139075
JCUTmTWoSCHwNxwUHVdB5tsMLnT8mqW51mPYoXJmyoNw,"pump_holder","PUMP",37000000
C12KxuBLqPg4BvjCSdUvKBrCoJCHMokgvw6fpGqtRZ4E,"pump_holder","PUMP",36631213.335654
4DcK1tjjPDyEx1qMCezdezroDDPjTq8mEpZ9MuQ3wgeA,"pump_holder","PUMP",36185180.61924
DmzecLGMookYHqVnpdNcCydnV4RdtuzAfRUkdWCXuAHx,"pump_holder","PUMP",36000000
5uZceP8TnTR121DP6BbtEiPJYqinJRhiVjZNzvUzobKx,"pump_holder","PUMP",35745107.068912
FsrdUVpy1qNaSgyhjxEfCyWowgdBH6M2VZHsXxLnqAFE,"pump_holder","PUMP",35093073.191791
3JDAcodat9iNPxHaRSaWQrHLCbUNBKKqBQPhMj4rPS2R,"pump_holder","PUMP",34722222.229166
EBWjNxKuAuimXyzYBpdhdjcpobLJKhjgNGmueoCMmj2f,"pump_holder","PUMP",34711044.722895
FeDrA7MYkV9Fcuw9cpoBPAinoJAkxr1GxkHJK7zQpeLE,"pump_holder","PUMP",34630868.40855
CZYoFKtZvBTFA4MRp2vZ774QPtV4svHWgcLVGtmEBiS9,"pump_holder","PUMP",34604975.907099
Ga91qJaKbwhBdT7zhrtxLiky2PkPLr5cr8vuSETkrqF5,"pump_holder","PUMP",34599394.677358
FJLHGRXvyUg61xXx5JJuo8VGynbPo5pX7u4h94ryyhwj,"pump_holder","PUMP",34413638
ANiisfxxKzjBaMQuXiaeUBnoZzSm2NPzAFabZvsn3PPm,"pump_holder","PUMP",34228015.742477
2TkHugXgs9XYi81i2cSdyStJG19mt5UYF6icX3PsAuKY,"pump_holder","PUMP",34141217.68185
LC7G4utXqAjtopTikD1PkgjoAtMajSQg8cwFSW3wsrM,"pump_holder","PUMP",34019818.2856
99FYzcVLi3roohxbhj3yraCrpPpWYzcP1RKziJo2Ntfk,"pump_holder","PUMP",34009303.4027
9NJmj9VaTU9D7ytdzy5RHMrfAgw2pYwqnUhuMqatcsr,"pump_holder","PUMP",34000345
91iP9xSqEugVBZJS2nh9vdLeHPmFw2aESxUoYbdwBj6E,"pump_holder","PUMP",33837343.099518
EDWB9BSzCJ5TNn3JJW2zkKxvGRmwkEDYxnHGgsFNe3cA,"pump_holder","PUMP",33633931.874285
BwRPTDj2y63NX5AAX3Lwfi9jfwW4dYcYpyrCTDkxAKdM,"pump_holder","PUMP",32997980.403818
2rMqejpA8pyxt2tt1PHLVaco6fhRU5dJXzzhRZg8LAjQ,"pump_holder","PUMP",32884540.626363
7t6AmdnNSZAWQDENj4NF9QMKWvdbtQ4E3eGxWUkR312T,"pump_holder","PUMP",32862565.94402
2jfwSo9CZhp47HGe4UV3TWFEtAaaSsP7fwjYZ7d9sunD,"pump_holder","PUMP",32823787.964043
2tdW9nxevyxUxBisx5G1zRLr8Ei5kExXRVWTbWLp2hDu,"pump_holder","PUMP",32607048.782362
Aciyby9aukpeYUD2ETyXFUgLZGby4EzxjizLKxUpr2f3,"pump_holder","PUMP",32545739.699871
GkrfPCJWd2CTKJ4H5NpxE4aFQEL7dnnSsLRQYioKr9gy,"pump_holder","PUMP",32446384.509013
AAJbf7kU1GwTwUZ5AB7fLNYPDLqhUgmxTLFkrawDrGkV,"pump_holder","PUMP",32204437.210417
HtZHdSGqArjdxjD2PUUV7PTUyzhVxLjErKSXLNKbeoqs,"pump_holder","PUMP",32204032.693974
Yr9ZvpXLoM2aH9AU85djX1Aiy7r4gPHZeWSq7LYhQVN,"pump_holder","PUMP",31869469.63658
3hy8teS8fSXfp9LSKHsg5wN7QqmgJt8HWNkdTUXTYBxp,"pump_holder","PUMP",31797511.195522
MguxbftMXASs3TKpNLtSNbrZ6V7FgXKV1hWyM3nKkZC,"pump_holder","PUMP",31209475.821
FPXq2NmXuSA1G2dGd8znUjT5G14zvmjoGFFfo7GKUm7k,"pump_holder","PUMP",31098272.61197
86gjkiR7H8kkuJUYTMnENCk7Y6J2R9vwYEHrTjW8pThk,"pump_holder","PUMP",31001569.803723
AiMck2U9TNGsEWFcLSfBcF9au64vY7geDoArSwLNrsB3,"pump_holder","PUMP",30967273.654842
B8ZkapLZEHgTwrKVpe7eroFWpn7owWPybT6g6bqQZBfm,"pump_holder","PUMP",30503474.32488
FFZLZHf7yGWywkADdKasqmu3tWjEn85kiRrhStWA3T5T,"pump_holder","PUMP",30358644.696315
4agfgauMnEHeGGZgFdwzzW7VDNdHN8xaEnTCubYauhqD,"pump_holder","PUMP",30327099
8Czzjeh2igeE7gSsbuuXVZUmZZ42yZTCNUZoZcCGRKdr,"pump_holder","PUMP",30138573.643715
AyYnKNajTb8SNVnuCSWnEGZ32Rca3WkioYdV9s7s6Ehh,"pump_holder","PUMP",30099683.269
58HppM6LcSu2Xx1hDMWD3ovEuNNkuBLj16anKjFCYF78,"pump_holder","PUMP",30038462.87524
Cn8BEZWpLnJoGy2TewFBcXCKtuknSrx7oFUckHjwaaQR,"pump_holder","PUMP",29995069.986032
FHbqEJtPpm9GLx7euS3LpQHiZqxqo4pPnnLBa7giY7Ay,"pump_holder","PUMP",29504049.565467
CveTaeD5xttvwuMDyfnfimMKiAR84fCWBTRL2LT1rMtX,"pump_holder","PUMP",29266516.721879
6TkTCyQTqvTqAHLzghbFByNZFp8dxXnQ2trjE1QoHmUi,"pump_holder","PUMP",29000000.72028
88LoXa6pK8RjStugRxTwz3scTHMc986y7xE1DLNbwfPy,"pump_holder","PUMP",28970979.584038
FvHqdX97tKNQP4Fk4UQnhDJutRjaL8R6h1SctJbq9Ti9,"pump_holder","PUMP",28892687.540542
CvbqhARJgZfcMvNtJVn9p9aT5HUxqGnB9Zs96FvxkHyT,"pump_holder","PUMP",28882065.023087
CAEy69biEd4zBLmqZvVJ2y5YaSCP5Cnrokq3YfKkQEsG,"pump_holder","PUMP",28285182.850947
3GccE14dKtUZEVFEijuACCXuU7B2xQDKDVXB1qJvTEMM,"pump_holder","PUMP",28252302.534825
2XDHAqYFhsvrJQmBbTbPdczCqYMVUYFiaZmxEVjjgHXr,"pump_holder","PUMP",28132265.123708
6HJetMbdHBuk3mLUainxAPpBpWzDgYbHGTS2TqDAUSX2,"pump_holder","PUMP",27902756.952071
6TJUCLmT2ZZSoxMNT3mJgKiu8S4rGRyAWKsUkXrB5JbD,"pump_holder","PUMP",27837819.914855
D6qKTWLehenjTJuM5Z5WpKmA9FsbGhTyawodRZqVsEgk,"pump_holder","PUMP",27777777.770833
37VMnQidSHb7BuWjMwAaKp8VDsK6vRyaVTXWDsLMvARU,"pump_holder","PUMP",27773939.2
3Mjorg5jbb4uoD7byZFFkbQi4RDCSjQCu2FGsD7qJeL8,"pump_holder","PUMP",27632869.864163
BoK5jgG5PxB7Wo4gg2ND355zhZS4WvSDU239q5ieytBr,"pump_holder","PUMP",27500922.909786
EFHZcE7WBwMziP47d53d3F3HW2cRQvVhRyQhuDBhyk3q,"pump_holder","PUMP",27228404.75008
HGfH6A4qaL67HeQACUgs8VkYGwB8ztWbrUnp7HuregNp,"pump_holder","PUMP",27083343.333333
Azk7B3EE5mFhPNBm6dMQ1LCqpnVDT2vL6sgyuCYEug3t,"pump_holder","PUMP",27009393.479143
HoYyfmecxBzV3zSQJcvHp1p5DqeJobgbf7wQ75CSYsF3,"pump_holder","PUMP",26933137.856372
9HWwwWXBCXdWcDqv7YH5P46ADfzvHQ1HXDNj5B6KUrWw,"pump_holder","PUMP",26596644.548342
HE8seTttCKpUrACdJW8SkamezDZwU6tyA4tUeidjypuR,"pump_holder","PUMP",26591515.376523
9zLa2J7u7QqcSSsddSSMQHzesaVze9yDhzsYncHXkYHs,"pump_holder","PUMP",26414076.889209
5ZNQB39bURxqff4RkG78xzoip2vQ3viuwGaPt2mdfLYC,"pump_holder","PUMP",26381159.731313
6yYAw7cNKRHj21gDPvRj7QR4vDqFY4HcuXZ9sdDzWzoy,"pump_holder","PUMP",26310474.694304
EMpuKg7N2iERjj3FdqkKdrLKHPgq7hVDzB5hxkcUxRyB,"pump_holder","PUMP",26254343.56749
63Uzqcibp5MVrUCfwBWsyXNtegmdxJ56PCDV7ehavRCL,"pump_holder","PUMP",26125814.545125
EQ4wzngRR22QV4GHwZVzKXaqWUYJewqfT7zbegDE2Vv9,"pump_holder","PUMP",26044358.187409
3LGCXo6CqMAs7ZgGJ2MgMnPYLHs2ZzHA7LvZLFdxYRD5,"pump_holder","PUMP",26033997.254439
98pFXbsVLeM1CNLyXmayKkxGim114QZ3caoPDQDYet5z,"pump_holder","PUMP",25686131.5
Do83Lw4ReK1WKAjmDq1BJSZzNb9wTHAmyp66qJ6HRoKH,"pump_holder","PUMP",25685802.011092
4a6Nhu9yboKSsbz9hLXHF8drgF4PeU8V9EfbxAJFcc5a,"pump_holder","PUMP",25634023.317416
8gQjn3qPAcKXpDpcGSLKXetTSG4zFgeWcAVnNAy9ru2f,"pump_holder","PUMP",25547063.81
4BdYr7KnXsRh2ms5LKfX5Enr9Xpaddsp9onGLWK3NUA5,"pump_holder","PUMP",25528045.424365
35cv7TXTSz9K7mGvEEWPcEAnhPRMbCVcuEcQtZKgEoa3,"pump_holder","PUMP",25454162.246504
HA9oNhHddEoPFSAEEYtGYZoXDkjky53TQ72jtpAnu81i,"pump_holder","PUMP",25447944.704093
EbTGCyn3U21UAzFqZ8krWGpuKdiE1JEgeNqij33rYEiV,"pump_holder","PUMP",25390994
JAxDecgebq1tcPxUfu4aYizKuvQBUZY8n7uqsVZHnzFG,"pump_holder","PUMP",25287819.8797
73kGY56xFQWJykZRWVXQDskfLPf9i7qePV7YVuna4rxP,"pump_holder","PUMP",25170461.863407
6g7NphUCPN8965YrbZDTQyaMoEnKe817Q8DmKE7516rX,"pump_holder","PUMP",25029368.347511
2JJW4Gz8m3G7E6zcpTdamgSHzwL6hAMmrqHEcXEzu5hy,"pump_holder","PUMP",25000016
6kHU4qcKr5Zi5V6fn4bsTX2jGpo6sYnCnyMdn2nNH7H6,"pump_holder","PUMP",25000000
HVF1EGxJ6LtPiqD2Gf5TsXTdnTCDmbjAZ7dwnEFUy3Vz,"pump_holder","PUMP",24852729.035737
AT5pg6Urb6Zuo3CfNWSYPD2RyW2n8Eu8a45MTRtQySTn,"pump_holder","PUMP",24800000
7esY2F72WJxCZLx6FzzmMdvQ82TrtoEK41t7JwK1RWgx,"pump_holder","PUMP",24584074.507972
FyhpLemdH2UYYiH744PdYTjkMqj991r9NjWcY2qtZL5s,"pump_holder","PUMP",24477195.373483
CreQJ2t94QK5dsxUZGXfPJ8Nx7wA9LHr5chxjSMkbNft,"pump_holder","PUMP",24452165.004555
G6ZXShcP86Mcuj3wVxsC5oGTXmEnCYqjkcgGTa7aeQWA,"pump_holder","PUMP",24346200.534051
5vVeJfA2G3cViHZnWyeArdQHSQZetbod5BLML95JSrwc,"pump_holder","PUMP",24207045.15182
8jS2B8Lu3bVkTuzCGnxyMdMzZLNCRqFXQKQFsr8EjSmG,"pump_holder","PUMP",24110424.057857
B2nAeNqGxax6e4TmQfLe2CHQ9ybrS8BCtkLnXMXP6iyJ,"pump_holder","PUMP",23835025.239557
EcoPCGhzVtg7qJTGa8fdW7K7YC1u43nmc4SW41sPrbUF,"pump_holder","PUMP",23615761.571873
8QCVZ7KL65pBhUxbvfwbyyg4ronxNAEXbDrGLYLrRNn5,"pump_holder","PUMP",23609882.951128
4gQMbFBuFu7bCg6fBZkccXzvy7mPqkmCbCCsmSP5UMTX,"pump_holder","PUMP",23456596
5SnsAt5skTrjP1kkefwtdyf3ukZLMLzVBRYrz93UdvPY,"pump_holder","PUMP",23183912.592874
FCwD9wJhMNT1MKxAJQpuaCfRgDq57UFG3pSq2kPaxjcS,"pump_holder","PUMP",23000000
8BdoGGKpvkisYjSAV5SVk5nmuhjmLL9uCHqZ7kqnrsm7,"pump_holder","PUMP",22964224.06672
DtChAkd6wxZRpD8go62wc5sp2ajPr1aeD9dyswmaG3nX,"pump_holder","PUMP",22800324.680082
7yNsV3MhcvmqTfDsZ914JDPdepJCJYNm3JdEY92xEzQm,"pump_holder","PUMP",22694637.92
E8RyxNeT7BwPSHZ9CdtLqufF9ZSwn7ZhuGtcEhLqnb3B,"pump_holder","PUMP",22684694.561187
weopuWYPV2mNMRG7ePSAe1KSk1sJ3HrNnuts6Aw2d8a,"pump_holder","PUMP",22673539.027738
BetduRyJ8nibkgYe1KqgcqS8tt5ZZTfG7P8HtWWG2HQ7,"pump_holder","PUMP",22453578.962125
2XcLSssXhKJnxQjBgeqoNNCp6c1DwHhPjw8vn8BFSmAy,"pump_holder","PUMP",22421199.936985
AKh9gcrUehCxY7vUtSbj2QxXReNTnqckNLAUozioU6T6,"pump_holder","PUMP",22405921.820453
4ErePp9KqNhYXe4Sck8YkNLXUr67v2u3JZjM5Qkzk1Wr,"pump_holder","PUMP",22255102.477997
9f1McBacd6pJUCM2TQ982qQ9noY3rWEU5mhcGiDydbyo,"pump_holder","PUMP",22121000
CJrw9DNoBhzM9V2ZWFQykpBftp2q2Zyed71EmQuSCG7S,"pump_holder","PUMP",22025281.64488
2ha5N85LtNe8RTpRVm2GBTL79QvXDXcw63Rk8jpGpxjv,"pump_holder","PUMP",22004898.765955
2nkuChd8FrvPdn7gk3ZGQ7uS1pQaqoWLD8y1aYLLwxks,"pump_holder","PUMP",22001745.901928
G9npe7FKCQZJLDoAwoxkYw89i14zaC2G7pRS1h9FsEVi,"pump_holder","PUMP",21913268.453376
Dg6MaiSjEwDS4Ph1Bm6bhXn8Nq56XbWNuJiA82hana2Q,"pump_holder","PUMP",21762235.735571
3kPUpRD5hq1fNZEpUQvooztvmJvwZas4TgsdXWCd7hh9,"pump_holder","PUMP",21708621.319789
4CNziCvs5RBMsKSN4fxhFsPkJ3xemuhXHsNKLY9WGRNw,"pump_holder","PUMP",21653280.000611
2iQEAEh8AZkwBvqhxRJcUrFHSjzABKgD7dfc2mf74c4s,"pump_holder","PUMP",21634840.841111
J8DxbXK63wWUndRuggQCPsWyTnbQ31MyBSK94HS4c9hy,"pump_holder","PUMP",21543407
5shutE9cR98fpdmbLBgco3uNmvR3mLTN7GAytNjMx7Bv,"pump_holder","PUMP",21523245.510614
2fv8v15z4a95nsJVVLxGbpFvFLJ9YgATUE8T7Qmj7FR5,"pump_holder","PUMP",21463999.91
82mW1kjEgDwHCL3Rp245CYcJcbpSHtv7z7MLb6dEvqDc,"pump_holder","PUMP",21418023.881238
8ZbEKn4ZgF4bUZTEUH6uZX2ZKBkB5Wcg8FvbwTBLdcVn,"pump_holder","PUMP",21390000
EpJVUYW2wRPdAyr16CzCqBhJ6Akog3HNPsFVwfb6VEZ,"pump_holder","PUMP",21266743.528996
CvyMM3drioM9fiZgupLQB8rBChtmZfdwUbpvvrf9TUyJ,"pump_holder","PUMP",21175583.333027
3pnC88pLPzhq9r1vBYy2rp4YommECpBV5p4wEthu6AjE,"pump_holder","PUMP",21131820.999127
CQDQij9fmRLLwrCGntU4YqeeJTCskCNyzjo4TmTG9Sq,"pump_holder","PUMP",21094676.42764
EBXYaFhP2G5ntjajECAqkFc7VYfeLMEngWtd9gsQScJY,"pump_holder","PUMP",21083343.333333
83kSeYStF5g47ySBfU48LTRKBhTTBUWK46XnETtoZxu1,"pump_holder","PUMP",21035885.318401
DU7fWaPM79G8xQaXYZ7jAcvRxK28Kz5gPYAfRExi3csv,"pump_holder","PUMP",20833333.333333
8s9j5qUtuE9PGA5s7QeAXEh5oc2UGr71pmJXgyiZMHkt,"pump_holder","PUMP",20650804.356771
Dqdku2GpHbJ7XHXJkYA61GiBSuKuDWw5BjmaMnrHHBBh,"pump_holder","PUMP",20526975.371583
G4rv1DPq7QykHSgfDKJ899vGk9yPBpavaHVGKvwikWV8,"pump_holder","PUMP",20518076.652734
DMs3Dd8XXXFYfWWyYKNAC7oXwYEaCwtADVCDYeyGX15q,"pump_holder","PUMP",20442542.545759
H69RXeSAmSMhLhgW2WLURpfkmnvin4Q4SgVBwiUebgCf,"pump_holder","PUMP",20370574.82111
V6ai2SeeJyL2wV6tEUFTVdH3fbXHvqFatE7wug9gD5s,"pump_holder","PUMP",20338995.63036
kYow3mGDz29iMR7Ki8yRwr2YkJBVCDe7dM66ugQqMoX,"pump_holder","PUMP",20305428.845046
8La9HRK5Cm6hXhPfcwPnHh75L5AvqKhdCuiy7iZ9TJSV,"pump_holder","PUMP",20250383.309865
csdLNhN1TaQF4DyUKaa3kPrFBy679J6sBaBo9RCJnMP,"pump_holder","PUMP",20183932.182906
58PWvekDbHVPFB9FXGQrpumHD16NRajahkYLHiTvxvDL,"pump_holder","PUMP",20055032.173513
9aehx7t2KxZeHJ6USFCYbXpRfdoWwZoBqPXmQPS9aXtH,"pump_holder","PUMP",20053205.187666
6EYMctm5TaVqFCA5g4FYSgnHLhpW2eMBxRraaRpLknbo,"pump_holder","PUMP",20015565.176203
FjL6tYBGtWF5zSK5pYpHu8cJzVoo6igX2j8QwPXF2F1V,"pump_holder","PUMP",20008365.92251
A1thA8xSuCdnzedwKhQ4tCrYbQfuEcR7q6PTmXnHe65L,"pump_holder","PUMP",20000000.809312
6nkDko69GFV2qgzUmdydrodDk2Ga7phAqNrcJjao2SWK,"pump_holder","PUMP",20000000
FLUHXy5pEgS7ZhxvYLpVuBJZ4Dh4T3hMiDwCybDH4wsm,"pump_holder","PUMP",20000000
BkFiEfy2Xwwx2DfgvWy8yqyn4HAu39SpyP5JmEBfPWiE,"pump_holder","PUMP",20000000
28RWPC6XPxSxUVjd27KiNRtcHVxKtd6cjms7eBcxiqdV,"pump_holder","PUMP",19931700.402107
5F4g2Q4LRE87jLQBNwVpSN9o1u6XG8FF5dar4HK2iBZt,"pump_holder","PUMP",19858121.60345
7kS2yjcAeamgg6671DtCoCEapTaYBKeK395HgXjpnt3A,"pump_holder","PUMP",19837742.815602
EHcege7dok1iYs7SxL2XzDPvhg6XzMVcx2V5SkMUurJP,"pump_holder","PUMP",19678635.354465
9Ua8pBGZoHuDnxJscsiLYTkDmzwZbKo7f4NcrC6k2cMa,"pump_holder","PUMP",19254910.876179
A9PzVmoBvTMLSh8VcaPQfYc3qwH63pmLuMxRmWraqGYk,"pump_holder","PUMP",19110902.278808
4ffg6YoTnsCwTHnfEGdpvpfAa7JekAfzEh82CjhRxSjY,"pump_holder","PUMP",19095689.121326
6yqoBnWh52Xpi2Kba9qqLzTTUrAw9F7pbXkwgtnTFqbN,"pump_holder","PUMP",18992317.376732
J6xfH2Kci5n2NmbroiFvSP4WfBq3fgyD6m8oF7sNVHDw,"pump_holder","PUMP",18815316.62
BU5XnBNqcFvaiic3mi2EJD1JvLZKfuZDM2UEMsy8uQhc,"pump_holder","PUMP",18750010
GdKZwjx8TF3xyLi9Jbm4FRwmc5RzRbWuX42nYm3LqzCk,"pump_holder","PUMP",18750000
GJvewfRjqTUPtx6WsBSUnaFbdgXwgXnWfpDyLm65T4YA,"pump_holder","PUMP",18258888.350655
6wMU2MJUUKgrQjtNtApwCixi9qyyvxu9BVLFTVWVW9oE,"pump_holder","PUMP",18246946.570325
J7TH21EUSN1xcaMBGf3cDj3wUZeevVa2WubpPNMNt75m,"pump_holder","PUMP",18227730.7849
8dAwcLDNSBGVc15EKzEFWocjXSKpGRaEb8NULgS883Fu,"pump_holder","PUMP",18157711.391332
HNKjZAzgxEAvkFMBmgNMwhgBMtPsaLPmkY1n15cL7uAx,"pump_holder","PUMP",18151871.179868
61PX4YEoJXSqQQTJpJFeDaYiN3gBo2zc3F8cgsSq8f3Q,"pump_holder","PUMP",18018336.265459
DjXFBvBZsAZ8REu7Qu7ffGDBUvBAUupsbfGfxGuqtcG,"pump_holder","PUMP",17911468.002549
FZuTaU5fnWR7Qm2yMFmit3pTLLnLHQSkYufYvzRCvkHE,"pump_holder","PUMP",17854176.666666
7kmo8U6GjWtJoM93zrPLz6XAChTMZJ6VYFDQt8vCcJFU,"pump_holder","PUMP",17822135.968068
HMNXR6GPUQ5dDjE9bhkWc6uo4DNf3G2MATb6gVui9Hav,"pump_holder","PUMP",17766190.15
Bdjw6Gn69h6HzahgKw9ShfnEbzB7MUFk3h4RfU5NapFr,"pump_holder","PUMP",17697725.63651
3XXwxrHywkjDs87vvtqeCcdnuAf7KMPYjE7M7obxhndD,"pump_holder","PUMP",17604176.666666
3WGPzS4JfrSc1RL9oxQByTBq43yXoSCWeSgg5xtSzSLi,"pump_holder","PUMP",17604176.666666
5PHYYLykv9kbpNgN6uLWb24nyrhW3g52GWSHvNCXU5Gk,"pump_holder","PUMP",17604176.666666
E6A625kVBeQpmh2Vi6U69c7BDebFngHhBEKWtt6Y9xMt,"pump_holder","PUMP",17603172.106666
6XNKDBqH6jSQiCGpjMFwFbsnr4W3NbfUKYfszZNgQ3gP,"pump_holder","PUMP",17574853.932729
42jqTT8noz2i7GCCrkhekC3yeWCVTehZdLakrK26pEx5,"pump_holder","PUMP",17521073.868462
5SFWP6nHtvvHzqGfGjrTeG96txigt9UdSbN7BJkEvFJt,"pump_holder","PUMP",17516228.030767
D9puZrnNpUW4bXY4pw7L33vSXhrdubvGrNTrjSTNhTs2,"pump_holder","PUMP",17515794.418662
AztCZGVnXE88UqrJ6WdJQJj8WjTzHP37PaHGnsArM3Gn,"pump_holder","PUMP",17502650.020651
646DEwcL1rHQ5YVkvDH2kTSYUnTFjJxGWXE1xj3AmRbk,"pump_holder","PUMP",17426847.196463
8ehGYfcsjD24MGSP9rnZsdYHDga3eS4Xw4phBdB5rdFw,"pump_holder","PUMP",17346181.844615
ErNijgd7ryJwK3RbxwV2na2ZTTUYsf8fR6ptKMuQpqbs,"pump_holder","PUMP",17313246.636828
BWM8oqnocB3ue8i6HHu3Z64MG8uH5zvngS3S56u1UgNT,"pump_holder","PUMP",17147665.885098
CJ9ipxEqn7zeN4nvJtQzvMpmxAP57JcRgVXokF23ZKER,"pump_holder","PUMP",17111493
AMUKfoZvasLvfgoZD6Qi6RmdDqjsw8Ea5ivtrKx8Muu7,"pump_holder","PUMP",17109746.845414
8vGr5zwJntcVpcwQy8DiSzWRCqhC2bQhjYiTXbNPs4Pk,"pump_holder","PUMP",16999902.843852
HptqceDZkTdBuErSag8pjmGb9ScozyT9nZiRWPniSDCi,"pump_holder","PUMP",16997746.880021
Lms6gBafi7ycpd8XCd5KcFmwxfAKaCpLBEnrwBdfDDs,"pump_holder","PUMP",16992940.036018
5ucU2477rbHwCaLJedUJbXwsisbvcwmPLeVoQcHXSzVa,"pump_holder","PUMP",16986612.303
27urFezsp5cjV9dcqTjo41KdwwbH6Zhc87yS62jA1U5z,"pump_holder","PUMP",16986060.650706
EjzbKEaNjUTGeXzALypnVQLc6DGp4rNne1DkV2WAj5Vb,"pump_holder","PUMP",16977188.354532
3j2k71e17sERcJhckdj951MW6yaf3qsT3Rd4Wgt9zP1k,"pump_holder","PUMP",16960855.250432
G6KiZ1AD2pz14Pkuk7HqinJ1CWu3n1fS6KW1L7362Q1g,"pump_holder","PUMP",16941931.681891
2zDcom1R3iusNW1XXdaMiryA94Ynmo6YabQkSutQaqgn,"pump_holder","PUMP",16904781.785833
6smUpuHwDq4vZK2xeyt5uKFgTWkUPA4YjPvcMT4QpnLT,"pump_holder","PUMP",16793699.517474
8TWNcXvh9BXKdgNdRKGAfKzGUYsoVDMKUuAdbMYxCJEA,"pump_holder","PUMP",16768818.464206
HebrHEUung35Sq4PXZs7U4wV2RRZMuAX4SeWm4L3qdQx,"pump_holder","PUMP",16685173.826322
CtG4YoruMAXszFSqmjCXBNihSVsTLgyL1ZHRxDxbjnnM,"pump_holder","PUMP",16666677
B2zXWEunSkBFjfgWm5hcZwRpsGW8ZG5BMk3wazGGuB8C,"pump_holder","PUMP",16665481.999503
4CrJyJ9VNtVcMcUbkV4Td2a1XC5yv3iMJJEMD2rdPbBd,"pump_holder","PUMP",16652078.702
5aoNM44wdk35JmWmjR8EaTusJcjqAH6e4bBQCCwN6pHR,"pump_holder","PUMP",16635547.353017
7jeTLBwrHPgudLzqmpXDhcCbBkTauV8YFUHgJJwVxm3c,"pump_holder","PUMP",16615416.24
CiGmyyDkizCuVXjrNexrqp4WNJahKij2Zh7Kr7Tw2EuC,"pump_holder","PUMP",16592045.461751
CewoyCsGNrJUBYMUBjycbnF11zKE4bhBMLt6eFcWcb23,"pump_holder","PUMP",16567043.629981
jZwsPFqCdnfPZxijp7VctiNc92fpb8mRb5bSQN9Ra7x,"pump_holder","PUMP",16565586.436506
BeBSUiNc2Cy1gng2NSTTAtg3db6isedpbjuRBBLarY6y,"pump_holder","PUMP",16521440.088768
w6wivSxbdCFoWJuD3DtqZu3sfCURhbrQ5qfoXDS6TEH,"pump_holder","PUMP",16397801.931662
5rhms6jZQaXnQc6wbicnrxDTkKqKi4iwfWW3612r5rHb,"pump_holder","PUMP",16389322.209947
9krzjGWBkALe6AtppFcFE5f9omtjUnn69eXSkd78dsu6,"pump_holder","PUMP",16289329.046182
azZWb4v6LF6ea7KMV8cQvYAGaS2n5AKF2B67s2g1Usy,"pump_holder","PUMP",16207259.639771
3BMdFT3dDJt2RqRq7PQHJ4cbpoBRKG8Tz5hnZL9W5rWE,"pump_holder","PUMP",16189032.762934
8e3TGTpHQZRMWZqdhxAqRxURMbCrr47HsFZoQAK3DCGk,"pump_holder","PUMP",16139482.841872
ErpLZZaxNEbPBGDrUn99Bg1p8Xd4WJ6zdbSyP27tZtsm,"pump_holder","PUMP",16064117.383188
3Dgk8ZaQ3TsD7KyGd7UQWqjnMAESqd1AicNxayEvTMzB,"pump_holder","PUMP",16034650.005766
7n57P1eU52BpRVwBUfekYvPyLyS6eJfadrPdGWZG7QyW,"pump_holder","PUMP",16000002.845501
B2nNt7fmf6vSvutCE7k3jf7ePUczM3Qaxo8u5M3n6sWF,"pump_holder","PUMP",15981195.709064
BNsEELT4uhM9abFGtMZNGsjQ4MK1zbQuQG2doey2ba8N,"pump_holder","PUMP",15943152.353402
DEdEW3SMPU2dCfXEcgj2YppmX9H3bnMDJaU4ctn2BQDQ,"pump_holder","PUMP",15927893.653247
Gk73RezntpEs1tjhL4hLzo7LpM7qo8oSxAhjxLVVcgyD,"pump_holder","PUMP",15901348.1
5a3Szint9TupD8YNgmoaVcWgu3YwWhuZdF22PgtCp9ha,"pump_holder","PUMP",15895715.722647
3NHhDPrV8LVWpmQeEAxyMhgYr3u36TdmXipXYoVdzNTY,"pump_holder","PUMP",15877756.840202
DaxikodM1FAioHZ6QhXnvG5dArP3LGHaEhc94dC9kP8D,"pump_holder","PUMP",15844679.255748
EMLXZLAHuK6PmWE9HxX2czwscQjkWKY5HUsjeFL3eHbY,"pump_holder","PUMP",15833648.462995
9mhknuPaxKJf1YeFDS6TL4b9EDTPUWVAFPPhkPXUt4ak,"pump_holder","PUMP",15821221.054234
4vrHe5iQCG9Kde2Y5wx53bK18fmxJFXAe9ZfoqWq8MMF,"pump_holder","PUMP",15812396.956408
8jvhK9aVoTXTKeMsyZfkZzdbTiVWMDapGajbDuPZVwbF,"pump_holder","PUMP",15739038.647918
BEeLcfYHYUEHZxTq4NmJJ3fFiHjNcbxX9aNANuvuY896,"pump_holder","PUMP",15685555.856692
D2eLkR2GJNq3zXP8pv6Y38ZyqT4ATsALxSQTbWXFEpHi,"pump_holder","PUMP",15625258.789355
C9LUi66qSc946MASLWNbbM29rPEZpuqh1SKzQgY4pyy3,"pump_holder","PUMP",15625187.5085
DScZ4Ac5HuYRdgSqib7c3NbTESBXS4DYbSUuLiWkMkxi,"pump_holder","PUMP",15610419.590325
6fE6oFXAV3hXrjjKqvwpWbt22JhTrfCrGDX5fUoejSw6,"pump_holder","PUMP",15598771.035884
CB6qNv5C7G22wyDn5PSkGPGW1RNsRSMtnXmnqN9SMkTp,"pump_holder","PUMP",15539380.302379
3AqW1LL4CSHcbJZnFiqUiw4Gw4n58pLuEP5mnTkkcury,"pump_holder","PUMP",15517897.47146
9MzGVamWTAr1yUxSMTGEbiusM7XLWeEFE7Yp372QJk2r,"pump_holder","PUMP",15487296.49371
7Meix7KzDnGp8qEuRXuNKrTWqyg4WadKA6swQ7YPrCaQ,"pump_holder","PUMP",15484535.330822
4ZHXtYGRPd4tkPw4C24ix4ySb4HKBQonfAkkknCinyqH,"pump_holder","PUMP",15456862.43529
5vqisDnYdLvHxsY68uGmYuQk8dtfERvUfHrm365ZN3vG,"pump_holder","PUMP",15416138.930541
FfE4vvyPqDyJbdy7ze9L4GpjUgKogrJSfGcRQ5v6CDv,"pump_holder","PUMP",15382291.378212
Ea3uspBAXK32mEMuVizqVXRqL7k2731bRjsk3VSJXKkw,"pump_holder","PUMP",15243638.807454
5GZ5o5BwWMqXX5vmAP74Hx2JtB3Xicbvcnjd71JsGXSw,"pump_holder","PUMP",15225761.813018
EYUEJyH1UfHXaF8r8zv9ow7tt8dvYg1mdaUGtjJwSbHH,"pump_holder","PUMP",15187866.94995
5pcjuTTR5Fy44gJzmj236RLeTh5psh5SiZkASYt9TETC,"pump_holder","PUMP",15174485.131076
719EnhYFDmHe2LxJ5J5ZtJPSvW9H46b9cufwH8FgiaTi,"pump_holder","PUMP",15134339.655425
53rK7iMCgEz6F29hESP1wBEWESwMaiVVXHtdEQqX2Qox,"pump_holder","PUMP",15092219.35752
BnnYZ1MM65p4ufmy8E6UxBaDYRdCtAocQL5Fj9tmi5Zn,"pump_holder","PUMP",15087073.476721
HXuJ56vV4kKwea78gK7mrMQBmvKNAPK5ZbKHdj2K5GRs,"pump_holder","PUMP",15080620.470898
CeXrbTJqK9FLrxJK1c85wXhnri4W8aLKZ6wdos7zhqza,"pump_holder","PUMP",15043924.930736
DNJqG8mkrd79mNExaQfsx3qiZp2p1V1kQK9t1D9SSWEW,"pump_holder","PUMP",15000000
EPYY4edDgLf4nc5Uo2NfeiW41ooz5Wc8Df21CHSfuuCW,"pump_holder","PUMP",15000000
DiHtXvUQqxbUsTt8J4B7dyyMYnQaNeP6W5AP61ShYmwr,"pump_holder","PUMP",15000000
5v5JJwhugdnucp8iEfSvh14mjQkBDvsfFuB3vc4zdJEZ,"pump_holder","PUMP",15000000
AGkKQKPRcwR2WwDqk9CKf6hkxU7yAvYL8YgwLJQjAdQ2,"pump_holder","PUMP",15000000
4em3HMpJCKLrKDTK3mpgKKoriRBSdwdSdkGKFym6Y6C5,"pump_holder","PUMP",14929324.60565
DPqsobysNf5iA9w7zrQM8HLzCKZEDMkZsWbiidsAt1xo,"pump_holder","PUMP",14906521.293066
b55ELgTsnMqqMo4WDatsx8H4CVqHHWWPBdHuRK6b26m,"pump_holder","PUMP",14862758.518614
4EU94MnZt7BqVBWQfQdWLkdfxuixr3qtMzTNSgECSVTG,"pump_holder","PUMP",14769349.141164
6myDMgUN3R8PGLcgsYcuUvizwQz5o5eBpAdK7tjZMuku,"pump_holder","PUMP",14705584.138566
ztqQ4TNC6Yju9zJaK9ZsPNMjxiUqjiT6rP76eeatgTy,"pump_holder","PUMP",14569611.480325
6RrkshRf7BkioftAUsKPHyv8GVp2zwHKowh9adnTNyNW,"pump_holder","PUMP",14500000
JCyid98TXZpuzg9ii6phNZ9TPjEb2ifYUYnWCMKtNtzU,"pump_holder","PUMP",14499370
k8hu9eqY6hDQdcdfkFuK9UDfvcfYWjDa2Z4rbb4TnDb,"pump_holder","PUMP",14497377.683149
JEDPfCZnNAGAb3SwvnpzA6wy3qXC96EgMY6JsE6PU4TL,"pump_holder","PUMP",14463660.468752
8gK8TtK2r2wp6JMokcvf6gwpDXFg6ipdfkunc9ebyUMK,"pump_holder","PUMP",14454195.205125
GkCr2miyeWdibpUAv9VycjG4qFTcSbwmwaUfDrvDQX9o,"pump_holder","PUMP",14350000
GyUKD1AjP9ZX9RpGr5uHLytrQXnY8Wpwyr6rDKAYXVZb,"pump_holder","PUMP",14307791.206149
GZzouyghWbwPVJRB79g5XCVSo7HMNgt49Pi2u1yEwh3o,"pump_holder","PUMP",14301111
65BhvQTprsdYo7wvfdthA8VxbujjU2jci5SHz8MaiC9p,"pump_holder","PUMP",14260732.354343
4ZDx6vjeW2BShyb1mQmFjMHopHndVw4VBC24JBUEsSnN,"pump_holder","PUMP",14242412.6669
FBMvJsx4bTJVLEza3Q1ESizRqshv6rQGyfZxyVvHTXK7,"pump_holder","PUMP",14135883.355743
4zfr6GJqqWBg5fpfdH3WftSx7YCdwSzrg8Ve8y96jyDw,"pump_holder","PUMP",14089482.2
D8vFHNrhwoNghs1zcEUe9JTSYx4u4HgiEKugYi4UqMnt,"pump_holder","PUMP",14058394.700475
6FXXo5CZo6Pn3GobCLQ2ARM6K3UKjVgFDb7KkabhdzpD,"pump_holder","PUMP",14029881.195382
232exHXQQ1NybaMNtzoRLp4DPkMQhYQv7kxt9W51r7Qp,"pump_holder","PUMP",14022657.196594
HrQZGAxxGawPXUaLRE4s7GtTUTyMwVvoP8EFqi2syHuJ,"pump_holder","PUMP",14014413.069036
79L93Ht5rEA1A7goBNvJowPWkJLRNBHpK6R8NDfxR71b,"pump_holder","PUMP",14000000.006449
3vWGrBscFsdXB4itU1xYKsL6ysSScDkeCv86PBGiTpoZ,"pump_holder","PUMP",14000000
E78eEUbaJCQeX2iwqA2Dxds795T97gMXgXW1JSHZLzy7,"pump_holder","PUMP",13975110.78
CxHjTiEjqUrarkpDFkp1b8MqgwEDXhAQon2wi52ZJxU3,"pump_holder","PUMP",13958466.324427
Bx36pmU6QbXinPs3qxESjPevqJ4KgKi3SruSwfXkF1Cg,"pump_holder","PUMP",13952572.37
G58oCZzgWCTLZnX12PRSjqHbKgvooXrSVG6cu6Tx6uuJ,"pump_holder","PUMP",13939035.34996
AtZqJ3GdL7QCYDELnUgCchJ1WY9R6mtoF1JRpT3CdSLM,"pump_holder","PUMP",13859366.831036
4BZ3rng1ZbKVcYMgyaByv4srqB364DcnRkNGNwXvHtgk,"pump_holder","PUMP",13771470.218818
HzupuiSjJpag5ghDFNt5zrUKWtftVDCX8nQqZYYTnU1g,"pump_holder","PUMP",13709362.991185
J21o598EJ5tC4QnNe9UU1U6nVhxuwRTmVcC1AEaMoVCb,"pump_holder","PUMP",13645461.457805
696969Y6orZEjp4gZtwcCZS7TNVuhMVE6G5mFvdJ4mYq,"pump_holder","PUMP",13599955.133361
4EWqcx3aNZmMetCnxwLYwyNjan6XLGp3Ca2W316vrSjv,"pump_holder","PUMP",13591164.403492
4aUKqsUmGUa7imRPEctnUzt1kt2eiFo9nUaCREAdxTVU,"pump_holder","PUMP",13523989.46104
48g6fSb5N7NwSZwNUjZVfCjRwiXnEzEQUVpYaNWxz1Vy,"pump_holder","PUMP",13480329.162917
CgB7kBwfzmximd36j317zM2EJqAK7RMBPgHzz5Th6zEh,"pump_holder","PUMP",13475435.285447
3KzERBKr5FyC8DGhdjye87ix6k7u6Dpf7fwRMUeiVhTD,"pump_holder","PUMP",13441164.887327
DBgdDW1kD8mJZ68qESDP528Q7xNnKfySLhRV6BQ7JDuS,"pump_holder","PUMP",13439183.925741
85Pj8YfVxHzxVBdQZHsciNB9oyFMr43bVDBSXoJQ6ngj,"pump_holder","PUMP",13436921.925932
4a8ASPRrKizrnMCJgw15WBNXh9XKupcD83vCKmYVhrjZ,"pump_holder","PUMP",13369181.279167
2Ljg7j2euqifW65M9nrngnV7aW2DSoJieMEprDSFXNM3,"pump_holder","PUMP",13343725.948094
2Yrkybr6WoKGhPZAGJtjd4uJfrpG8BGoYGWdmT6NcSKN,"pump_holder","PUMP",13271849
CNKhiby6pMGXARkdYoZeShCZkB5gpHxPWwZA25DCtkc2,"pump_holder","PUMP",13232361.927636
6h2v54SHZ9LJqBG8NsZ4efqhYyGubDDzCsDFRNazvENe,"pump_holder","PUMP",13162184.678614
Fi5CsT4KKPjbD5DaAD3vUaWvMFWQ1FvdLEH2bC8ttiMh,"pump_holder","PUMP",13147317.086132
7JDAsCi8KD8wepdzn2C696jgFshfd7ovxVyU3WH8yLPZ,"pump_holder","PUMP",13143976.974402
6n8AzZdr2UqWVNLrJQjJR4Znkd4TGPqaqFu2BRVtwm1F,"pump_holder","PUMP",13130880
9xYH2XXmha52vQeizHHiTpyqNag7UhMAJBEKSCd7g7eU,"pump_holder","PUMP",13076665.457538
ALoD8TEpqXE8u9MUkrKfvMF6Tt2XuyXdgAZLRYH1i6za,"pump_holder","PUMP",13000042.653494
35skaGzN6PbPfeNjLA87ECGXPmmgahTK2BvgUkKpqVQA,"pump_holder","PUMP",12999999.96
7JHmxCuhGGUJeWWeKVrpBCSVSMWTGtVeVqmqd47HtEBk,"pump_holder","PUMP",12933520.375789
HxXxMAQ4B86YdwDMcPqFZ692ZyTUsxw96kpmaMAN8DHs,"pump_holder","PUMP",12917959.695769
BwpQ7Erv2vgdmHKuGNsC6m6satzt4yD4BEfXJPxGzuWW,"pump_holder","PUMP",12916336.308327
J4BwyeDNQCE99rwwWsf8SyHdPXSyhGoaX6RXYA18Htug,"pump_holder","PUMP",12824161.971947
BNnN2MqfWLvgThYBsv6v8JQaYZXYKYahC5YCy27Ct1cX,"pump_holder","PUMP",12762023.616228
56aoiABYypcAZitrwbSxPCbfB3SFNipTxqywdRpEgQvE,"pump_holder","PUMP",12750000
CZs3dmeWZhCNgvXQzzTzyfEKv6utquWm3z8R5dJYBUgv,"pump_holder","PUMP",12739503.022861
GyAbZzvhRBADWfHggFTnAPxFhmPWSf27kx9fs4VNuHxz,"pump_holder","PUMP",12711707.121782
6xxRheYvoB4AZGMyuHe53rWbtEq55GRAkj7aDKtDBKoh,"pump_holder","PUMP",12698508.812404
5waA3HZemN1ZM7vLuxX2rcBAxzdcmuexWLn7JJ3fLQfL,"pump_holder","PUMP",12626960.575003
3WsZKessE1GHYLVgis27Y1ZZRnSEpgqJMfZBVASah8ew,"pump_holder","PUMP",12616953.353375
755tojy2DaptkxGoZUCSEizt7ViKiPBFeRNLkmcuqCFo,"pump_holder","PUMP",12596847.50201
5L8EWTQJ8rrxRbnP1XbxWS7QVVmd8BgbyoFyFSzyHbsC,"pump_holder","PUMP",12500000
FSTEnkCsk3X7SWiETWNkA7DS8F7Y7JpPrCzN4F5Fb3GF,"pump_holder","PUMP",12500000
9yXu4sPQUpY4nvDXD97pTjnMJX4YktMaAuPgbihx6kRY,"pump_holder","PUMP",12488616.843876
9vvsoLr5A2UnD8HaFExsQsnrRs6jCBWfvqLS66b4PnAv,"pump_holder","PUMP",12486515.321847
projjosVCPQH49d5em7VYS7fJZzaqKixqKtus7yk416,"pump_holder","PUMP",12480001.766148
6KkRvL6rWeH4yfWDzVtkRLtdTQFmASbTSW3wCW6TcvXr,"pump_holder","PUMP",12478220.743244
6GABbUrLNHcfPqZf21ah7nRLMo48J1prHyM5A1tLUNgx,"pump_holder","PUMP",12461701.7471
DZKQhMAakH81ALFSeXxmxmWThyN2rFQfxv7vpKV5Tfsa,"pump_holder","PUMP",12441000.13
498bLZsjAy6vcrVpqteu5SoXa8S32hFW6NbVcYGJwVYB,"pump_holder","PUMP",12438840.100312
FSpL1gdZydJrQkngWe2S4tjBToRwpisRhChXYDQEnWPL,"pump_holder","PUMP",12433686.193733
9CXFCpaJSP8f9FKZsbL6YXHxoVDSzUXZ6AgoA8JzDYMe,"pump_holder","PUMP",12411048.912614
3Pn1u8soFndkUgL1NaxSFuEJYppZXjBdwQzQqh83jMoX,"pump_holder","PUMP",12377904.2
63FPzBzZpNVvZZoX2MrbrVtdGTzU1JWXttBJmVyvqhqT,"pump_holder","PUMP",12362668.8
Gba48dZjUJq6GCiHRVdH6oy9WaM6MsBz4vWXdduLf5Ao,"pump_holder","PUMP",12359023.130969
GhPUSazF3N4jodhn7n2gXDrTLc9cExNU8L5cqYDVMCK6,"pump_holder","PUMP",12352698.407208
EzZho7okYqTqhRM5GkC8niFwrTJ7ZQz4TDgjrFqvPvLD,"pump_holder","PUMP",12343991.110601
3Jo7oxzfez33WfBDePGdoxiri1KqSyy4WTRHtTbcHzuZ,"pump_holder","PUMP",12326026.921129
DKtu8ydp4MDbuWadnazLJo4etbbiH2A9i4juZozD1Ker,"pump_holder","PUMP",12322110.228097
3vDRacWNzTk3jKZpzbYvRmQWfEh9Bk6B5YgpeYk17BgD,"pump_holder","PUMP",12316699.694951
3Sq12G6ddsXwZFAGaovGhbM9TPWFdXwSyWa44rRtEhsd,"pump_holder","PUMP",12309480.753569
ARRWRw1rLsZkKeDvkBx4N6HNGJ9VB9mAoMAqgZsFuq7w,"pump_holder","PUMP",12306272.35394
3TUPFNBnFa3t6FsgBNDuYgEKoe93YU9WdNQZ5KBfSAXR,"pump_holder","PUMP",12287292.586455
GTqcdBivYg5tx7Xa7fB7vwjni2HunAc4GqvTscts3oGW,"pump_holder","PUMP",12275666.540757
GtycvYB18XrGxEpK99igvnMBXK7bK47x65oFGwKgCgwR,"pump_holder","PUMP",12270928.661134
FaBphbwEEHBhfj2hDXS3ng3sKme9P7Zwv9DPSpkJU1JM,"pump_holder","PUMP",12246866.63147
AR81MZU4xFBDZANMyAFS7VFuHKFpNYriqz2SMjcMNznA,"pump_holder","PUMP",12246071.700285
K3CMvayae3Vjsqg3zU11M9TuajCDtz3snxADSaRjJnn,"pump_holder","PUMP",12237640.609718
F4kFn7tExqWtKxTZDVqXK37JH6FNkwQVtwL3rG5qBzw8,"pump_holder","PUMP",12173101.628966
6gNs9Sic6s93jhsYwQtn9uBidhuYh7TSC3FM9GWHenp7,"pump_holder","PUMP",12159835.321744
8wk6dnA61HFHw3WaMfL7npymjpEhm1VoYh5zcfj9P4Kz,"pump_holder","PUMP",12151291.875187
E6puZMoKyroCkrR91TQwRs7eKYqLWYd64aSdnE3onqTj,"pump_holder","PUMP",12124972.386647
CgnRcZNoLNCpFzK2z3bt7tvvr8UYzsgkascdqfAG3THo,"pump_holder","PUMP",12122592.970947
3NbP3JnpkqdF57h994AvisytaSEZbLvsuhaG3mEvq1vu,"pump_holder","PUMP",12118431.293712
EbLcAgnMZVq9yCnBqNf3qus9vUNsfjaWAFXYTsasNTYi,"pump_holder","PUMP",12095878.364945
J8JkDep8hEbgvWSTv85smNoMfo6XUAMS9tYo5Qz9yrdi,"pump_holder","PUMP",12095225.01398
5r4bdBqJSVjSMKEhanmiz1sDjtwvwXMKsjc8i8KKyvhd,"pump_holder","PUMP",12073608.441931
6YwM8vgDdGQTCy6NHNzwG82WFN5Gei2DWg5W937dmASd,"pump_holder","PUMP",12034708.487464
5ezUfGzmwybSjknQRRtan6rBMQHCUtXtyVkiDxBgSMTx,"pump_holder","PUMP",12008596.1381
EY8LYSvgjW6MGF7d9HoZY8rxNv7XdweDNuwQBwsmTTdG,"pump_holder","PUMP",12001092.159626
9kFFY6V7BwPh7rV7H1HpDm2hLvSSm5PauvpXge79vWR4,"pump_holder","PUMP",12000000.528164
2ZGivv1h4mepMSois8XCF77TLhtPCCgEciccvPC9oekx,"pump_holder","PUMP",12000000
9Yw762BKxsLjWKMZbYRbVkueMWSzyq5zWvpLTb7KtjtN,"pump_holder","PUMP",11999999.999443
BxHxSsvBo6zPwxqJypkKMQfx45gUzMKnPEcCk1JH7s8D,"pump_holder","PUMP",11890419.686894
2Q6SJzSvVKhChwwvrgBkt3mKCqCeAi9TQjSNBbsoy1AR,"pump_holder","PUMP",11876325.7
DGFW1Effv88XzXkgfgyoFfmefzEU5Pp9zWJACBmCSh8K,"pump_holder","PUMP",11844393.7387
CqA42zXaf5zXk7EW7jtCLfL2uH1efuB9GtTfjfJ2hzoq,"pump_holder","PUMP",11784214.063279
J7SNubsvLNF6BS9mFo6j8db9FaxmigyLRDYWAvFTubXM,"pump_holder","PUMP",11769751.724439
3DH8F2LwMUuat33gbCEPnaYrD2ermyowVi7zzVfV5pYB,"pump_holder","PUMP",11749994.792077
6snMdqcxzh1zcuGr4BeSTpmPf8uoqmLZ8Da1WwhRQRg4,"pump_holder","PUMP",11744661.054198
CLxo3rFprNuMdUKN53QzLD3jxGWfDgNGiCnWgfpr7AP,"pump_holder","PUMP",11693581.51
Fu4W9uepFP3VzMZth3coKAccgrutNSbHxsezu323rPUD,"pump_holder","PUMP",11629396.846649
9SGxD8z2ck1t6bEcwPkXfWGSKBgRbrrwhNSEcWAWuv1Z,"pump_holder","PUMP",11622692.131234
2mFD8hASkD1x5emWAo2X6L97hv6ccriR2s5d3kE63VwA,"pump_holder","PUMP",11610080.882574
AioXK5S5hPZ96FwK1zWZgRvZVwx5kLvqQtM9HGakChVW,"pump_holder","PUMP",11591014.57115
EsTdHYuZeAbfUJ6JYpovfy9Zoj4pyyNogrxAoebWaDJG,"pump_holder","PUMP",11500000
2b6aLNsb1MiAFEWNowr7nCeDDeSGsttVYWEGJuo4sNSC,"pump_holder","PUMP",11489974.217347
DoK6XBbLa7G9SGuuKtx2C5S7B6SbgwtYdzw2eNT42gKe,"pump_holder","PUMP",11418903.754507
H33CjXLDkERgJLpsnTHnL9z26DDq2WwWgrF3d2SYfsEL,"pump_holder","PUMP",11409750.627142
J7ME7NJ8uJ92JGsNLn627XyZaikmV21p4zszo2QmWe3A,"pump_holder","PUMP",11402757
EMYwVqB1LaUnqUXDAX42T6W7zor51GgKAgJTcDED3wej,"pump_holder","PUMP",11392469.515564
CpZD24BhaxgV2FKRPdZaHj7Vpaddq5mz7VZwkHjTMT8Q,"pump_holder","PUMP",11362696.674209
7EudTYVE7JzkomvLwKwzGAfzchV5RKQGo9e4kZhn67hg,"pump_holder","PUMP",11333322.5
FagDkqwCBoHwvEV4noiaWGfSMCjYnd8SW5kTCyCtDGz3,"pump_holder","PUMP",11302297.089047
FcmiyrjpbPXQA1nTo8ntGRYAsZR8pSmL5uVpmXLUt6Bs,"pump_holder","PUMP",11295539.965847
9gCfzPdGyjAMio1HvTCKMfRGtXBWymsNuXQqovz9Rw8C,"pump_holder","PUMP",11281657.014602
EBzi6spUSR49gXzY6T1G4Qd8XEbbH7vacgrPyhiXfF2S,"pump_holder","PUMP",11204724.18553
EFJT4SoZBDU4kVvRgVm11uiQGj6yjr5L47gHEPU5ef4w,"pump_holder","PUMP",11190214.197846
DErRQYPYsqZGb4tRtJH6tHXjkCKi6tjwcPJCuM4445Wr,"pump_holder","PUMP",11172659.704015
6afwBYBrVLupGLqbXBbtxMmpXWG1HZSbyL11oNwhg8AB,"pump_holder","PUMP",11151188.722085
2KNsuxQbmfKmC6yFdaiqSoF8uPw8HcEotpRG3BBoZyYY,"pump_holder","PUMP",11146086.466673
2RfyGbMqTsSX3g4ruZksKpfwCeeMiTLgB5eF6joVL1p6,"pump_holder","PUMP",11075248.444479
BM9CcyErJcu2mjrFvUsRRrD3snGeHDDVirJLvL6EjvMN,"pump_holder","PUMP",11067141.724282
7RmkMNQerKaVioRnmqZsHM5Gm8F3gngQG8umLNoK97q4,"pump_holder","PUMP",11059298.017754
3QhkcEEtFiXHfR85aGxeC8xes8scSriqwaRRQj2dFoyk,"pump_holder","PUMP",11055341.756522
GRiNi3s98j2w1LanP2kaXXgF9kno5zKmc2WkcH3q6mma,"pump_holder","PUMP",11033443.097964
4XKt41kD533ecHzZdJ3CNdMDCCWe7bCvSUaVeub6njk4,"pump_holder","PUMP",11012411.10924
9HdoLNLQsQRLik9n8RfHDknftpET4jaWjEKDsmRxrpSg,"pump_holder","PUMP",11000000
91noEiT2vUzNjvWKmFDjdSnujfwM8hE7pQFqM1WiHXwq,"pump_holder","PUMP",10999999.448108
Gc72C51CeqBdqsoj9xCksQJzsMcz9VGCciWUMJ32E5C2,"pump_holder","PUMP",10882328.058695
GWWGgNcYtYPNW9iK8LdtwMKaU3QuXhZEh7d6WmDpr5zb,"pump_holder","PUMP",10809980.853989
5F9S59yMtCT7mpRSMFVTFBrJPLSmk1d2NSmcUHr1gMHt,"pump_holder","PUMP",10808981.261269
6p1wkFCrAcCVSN9pwot2Mh8j8PsmVkXuKZgmWKrWEucv,"pump_holder","PUMP",10754272.526209
FB83WKHcHpFsXr4N2bAVE9Fb2bxo66zirTPggG7Vn4sC,"pump_holder","PUMP",10718504.677512
ECEv1EZJvzJc8D7LAZeTvoUKAkhEbAQrE3J1cSN1NGmM,"pump_holder","PUMP",10691725.019961
3Y5psuoqHhc58ANgNLdH6P3mmmf3uBXWHrQcVv8gKF9J,"pump_holder","PUMP",10683738.937666
Aszwr7kQZNpSSiFzALxg8PRoP732TkRSFdNv5m8dLb6G,"pump_holder","PUMP",10669556.093298
GhpWmsWwK1rgKcNySZpbL1fNUm656cRuWDGM8Uf6Z1Lk,"pump_holder","PUMP",10636932.589033
FPRFLszBJFHCThF2yWvkGkfvtwyFPRGX9MFHnDGP6UYp,"pump_holder","PUMP",10625000
QwCCkY6PUaRd94AFLwfWfKGtZQzJa5SNCHt7SWx9SQ3,"pump_holder","PUMP",10596309.08
6KPk6QoDi3ge93yBY5zxSK2ou9eFtNum4xDbj3dAtpZj,"pump_holder","PUMP",10567226.366257
HjhEQAs3oe16zSPkUX3ZyZFBsKsBQA5bRRmXJjKgtzrX,"pump_holder","PUMP",10548286.197163
2sEjt4NBRG8mnZeySD2jZSKnD1FbMpfVmMjCgssQ5i4w,"pump_holder","PUMP",10545033.369246
7FLr64uLGN45K45UR9hzcCbAsKZ8jRshqRRy2w7rhh19,"pump_holder","PUMP",10537180.184
GuJny4jNypukLwgUiGK4egJNaBMGhBMUftgeZTzJvudJ,"pump_holder","PUMP",10491020
3vxheE5C46XzK4XftziRhwAf8QAfipD7HXXWj25mgkom,"pump_holder","PUMP",10463353.620739
3KiYcEgruMcv6uDyNBPEUSgXaNT3ascwcretMT8z6BVy,"pump_holder","PUMP",10439917.545117
oJm69z23sbK8TnRzm6xKCYNRNaD4FD7duiCCPTM4tiY,"pump_holder","PUMP",10402388.583943
HyKbc1vUxNL9xJC2Q44qdGiuKC1Ey95KNdokfHivrFnZ,"pump_holder","PUMP",10352236.884758
FGgWM8gcrJQtJKQUSTSb1T4m1Vu2PsHN5nvhX7qnhYTS,"pump_holder","PUMP",10343867.95593
Dn518Zrb1tACvDYXPHsHKKLSokbqgGTxpFMWdeQ6K58w,"pump_holder","PUMP",10340257.077185
GpYAPi2aFE6QvLU5hEBbu2YjR7Tz9Wi4JSXb2GpjKK3w,"pump_holder","PUMP",10277302.512942
47LnMeuVwdmEjZeJnXX6SrTCinfQrT1f8Nw4puNfLcsU,"pump_holder","PUMP",10248470.264598
6EqzwKZb2m8kk4QhaHqdz2f43Ls2rVo2L8HjUNKfuAic,"pump_holder","PUMP",10234060.502559
8epNyKjWPPxcLsNSPaovwUGt2cpXzCAnhMad5YAnD7mP,"pump_holder","PUMP",10198289.370209
DEk9LmFo9YBy42TXUfeUco5eimYKq9Z4Bbw68n3pvZdX,"pump_holder","PUMP",10173124.225564
8P81zncb4E26nMv1dVuAQJ1gLDfgYYrmWyTimnAgEGDd,"pump_holder","PUMP",10158690.23229
H2RWnGchKp3s1RuLCZ19MMDeXPGFYWUcUj7CV2A7egU9,"pump_holder","PUMP",10050845.62817
6ixWrx57nvYcXbXvSVrNe7vYsPwRdbT25yk1tPVfodzH,"pump_holder","PUMP",10042938.748909
4qnndLkbpzxcTkHyz3qx7eP93ZGQKUXzZhZfpbJwpFC9,"pump_holder","PUMP",10004721.924242
3caD4ipBSB4EWFAmQ4Yu5MaZyCBvW99wJwo5ErzRdZPB,"pump_holder","PUMP",10003998.238243
FjtF5vMo3mr4tfy2UkSFoSZsp6BS351bgmLfiubjrnpB,"pump_holder","PUMP",10001711.76
8aHwQXaES1KUYJjUJKmHmNHxQex7ocWN4Yh9nCG97G8R,"pump_holder","PUMP",10000265.518858
CQAdgbM1vi76PkWzzxGJudHdFi2sM4dNxUjnpaS4DSLg,"pump_holder","PUMP",10000044.287928
EzuFVV4goCWhPTVYqQD4HyRR5sV6Vx9WT1Vu4LxyiGjV,"pump_holder","PUMP",10000032.024703
AVeSttHqyxxQnWcfyW6rMvuB5cgXRhRsAkaBqi8AKuko,"pump_holder","PUMP",10000000.479383
J76NMWANWxFrCjhCFDz9dZxAtDoCcUb54sVnykeDbkMg,"pump_holder","PUMP",10000000
8rMiwHGEmtJNWvjniLrTU5a94ujNaqZBfsSf5CXrKgF4,"pump_holder","PUMP",10000000
8qWy6hKJxLwFH9j3en3kfLzN6SiRBhWzAbAdmDdFtdt3,"pump_holder","PUMP",10000000
3DG1XrKZfKFTZz1iAAokd7yNXwJoyVFDHEd5q8jMunPb,"pump_holder","PUMP",10000000
9BqRTfVcof3WueGfVGcfvd6TiaHydtcN5SnEzqiAf9YJ,"pump_holder","PUMP",10000000
4JyPGsd1eudBgYjagnk5fQuQeu3bQnfhoVLKdz2gg4qG,"pump_holder","PUMP",10000000
9Vy6LwtDondaZv3VCGDFYtedXHK7ZWK4RnhFheV3oLMf,"pump_holder","PUMP",10000000
4ReUByJ7HuXSiSvKchekf55Nfv7Nj19nWM3aDyTHDvWc,"pump_holder","PUMP",9993734.799141
H2coft9MuAhyU59uF2G1Vm4bGL2v9BUsPXhbPnTpNnic,"pump_holder","PUMP",9973101.037722
G2rJAZ3bihgZbxqryibffWjRtNJvSyUiXtPFshDzzeU6,"pump_holder","PUMP",9964994.5
HSzKBUeWy3Cv4LMf6FZFUUm1N1MZe1UJfkBqtWQGmFx4,"pump_holder","PUMP",9951577.610277
HcVDfBjLs3dgQjtdnPs8REF4d22Vt3iyTYSysDmxm4dC,"pump_holder","PUMP",9947728.615315
H6qpbuw5NUXskPJsVD5KeT3kpWuoKamQJeGKaUVK2oWx,"pump_holder","PUMP",9916528.379586
6P98UCVhNY8Yj2Bp8osHgUuXZGikFi4ZdWPK6o3Eaitv,"pump_holder","PUMP",9911051.512758
BQdVT77ka7TPXB3psfFUHTpjx6NLnTQupHuuHUJB1Rxj,"pump_holder","PUMP",9858880.684104
AibRodWnQxV3i39mws7kHoPda1ybyQ7kKQ81SxUpQKeY,"pump_holder","PUMP",9852435.754768
JCU9fQKKdM1VHZyb4t7DKnYxnikhKnyLzjk2C89rwQNk,"pump_holder","PUMP",9851127.762213
GK76PKZXR8DUV4w84WCKBS1PZoEmFDwboByFda4EbcXT,"pump_holder","PUMP",9844300.697596
GQkn3fPeCV4pH1MGZVHsWPpRdq5ENYnaB8GVwSubjkCZ,"pump_holder","PUMP",9836361.163884
B5R7GeCrkZs935xFQzSkm8dEppUWe3krisshm7n47ogw,"pump_holder","PUMP",9831842.988584
HUFrJb27wxy1eshAPHkZF2CGms5MC7Zjk4gYpDNcA2cW,"pump_holder","PUMP",9816892.33155
EVKNgtiyZ7Ko9hG7LMuNn2FJyBJVSPFcVq4bCJbVsaYU,"pump_holder","PUMP",9738138.088234
DmMtErUGmp1bEp5ipTWBH7i4R9uu1AHp47tTnqtstZLt,"pump_holder","PUMP",9733500.69974
4ScQ3kofuEQyNUVoLBSi3FHtfrqvre1gBdW6azsSxuTC,"pump_holder","PUMP",9707127.243621
7w2UAHpFGfuDysgyS6oVarevXMLy5mDPSQgmJ7oWZdaf,"pump_holder","PUMP",9650083.716166
9NoKkw6GL8LvyMtVQhCKERHej9ax2HXAisvonkMiYrKM,"pump_holder","PUMP",9633153.87
HSaK6qJ8yAJsYowqPWEy2tm1eKFwXNnwNxiXX8RgdPVL,"pump_holder","PUMP",9600420.162966
B2p6ePM3uJ6KLLQcAGywFRMwzjfxVCt8g5zRzFdLWLNE,"pump_holder","PUMP",9564886.078589
3e5pwUqhzzR4C7Yd1BEkDxf4i8V3q6qtdAsWREUSV66t,"pump_holder","PUMP",9563901.896302
QJ48jt7oU5TrS1v1xvDmyCdS21p8gSYJBtn3NJSdmrz,"pump_holder","PUMP",9543667
Ddbs1mcoJVe3VSoez3Hu2R2njrLfaAnyvUvzbh5vnaZG,"pump_holder","PUMP",9543596.34387
C5Ja8ze17TFuHUgz1rMUMMVqBt97q5fbd7BpdEitckM2,"pump_holder","PUMP",9542935.168242
8stqxjqCTWuyE1o7ayfrbGmQMMyvV5SnTroibVQAavxC,"pump_holder","PUMP",9540784.464759
GwtXsmP772pv2ctcyzvxMuR7pacTDCQywx9VwoirQNJa,"pump_holder","PUMP",9527464.228416
B7WkZ96td6fbZkndsrVFn3dUE1d6EyAgEotAwcDkjCe7,"pump_holder","PUMP",9512901.480176
4au7h1hNQ446vbDJiMi3ZVxyLdxKNqeB7mH89L5Nf7v6,"pump_holder","PUMP",9503095.979707
5tBVky21R1AkKsWrub3Z2iqfcPtzPMAhqpojwG3PqEqk,"pump_holder","PUMP",9476298.18629
9RXvErfadcT68njChE3mWBJWswXnbz1pFBW6ejqkFjN3,"pump_holder","PUMP",9469248.937208
Fd15tWQQbrAVJTy7y2eYVKadYuEurHEcEDHdu9XdzUpt,"pump_holder","PUMP",9446356.684876
8gomnBVPnGGTd4Z19aVdEJpUGwZtnyxacXuQabhxBsUu,"pump_holder","PUMP",9435756.752179
28Bm9T58MU4jFN3JGg1vHB3PJNRMvp9HecMhYpKrv22z,"pump_holder","PUMP",9382656.196633
GRuA3SNh4bjCa8J5BQaW7bm7fNYc54YMNQPWbeTNtD5F,"pump_holder","PUMP",9375134.948159
E9MXchDwu4rdm7MmNy4hPBmkyvXhyNeyungmSg7LNptx,"pump_holder","PUMP",9375000
3gvXNMosMkVzzJCNhMtouHX23YLUgLT4RLdBQJMswrtB,"pump_holder","PUMP",9368716.290539
H7CWfh5Cq4adfcEUAbLitntYGnxGRSaQAhmc9VzT7cwx,"pump_holder","PUMP",9329795.449193
BpBRX8yfeY5C7UQtr9K7HvTbgew98tBAuPMYAXQ3eScy,"pump_holder","PUMP",9312856.035567
Gr9f7Co4cJYyitKVUzQZmsoMZ4DW4GsZtVX9KP19NrN8,"pump_holder","PUMP",9250000
BKqtkpx5P6vxquoFoepaoutjqvxLKFUN8KWdjSXF2beX,"pump_holder","PUMP",9239057.801497
2CLGzQqBxKqdiGfDK2epjAUyU2Wx3TzoBU8pbreeKNP9,"pump_holder","PUMP",9218661.95584
FNf2gGbHpMz5Jw7rprHzMiQc6KXKe5j3ruzpuq4en3G2,"pump_holder","PUMP",9216657.126248
2Z7qVJAEDFgVWgnZWmFgyw7MJoUeuDJcuDXF6ssBAu9e,"pump_holder","PUMP",9206020.636095
A2QfbSNbQ23uJmYteRev89L1Jka1orTguRHLohuhYoxN,"pump_holder","PUMP",9160457.988613
A2NGHjbnpihGpWEfsmJjfac7hsw4JCJMoRqszyEMQ13z,"pump_holder","PUMP",9133022.697163
5UYDY7SL6NmaYGhVV88htPiMAgfMbH3W1fX6sVE3tBEj,"pump_holder","PUMP",9124192.97
7v7afYtjU6xP49Yafs9cM3raGnYusRsdyc835SDM8bQK,"pump_holder","PUMP",9100027.317347
zvyqCvY4dUgXu1JTgAaNkfwyenVLe9rgpKuoXrv3gGy,"pump_holder","PUMP",9090227.890967
29mTDbGmyHsLmERxMtFy8aUFFD82HG419PciCDH3d5fm,"pump_holder","PUMP",9038447.368584
ADb3sqzoR4CCXe3eDfCi9mL4sb2ijDV4SCzLBz2TeGNg,"pump_holder","PUMP",9025633.327649
9fpHG9gc6s8mHUBc48GmhSAMgpvYc9eiimeiFFBGhHeM,"pump_holder","PUMP",9003272.7745
2R6EKe2Gmy92ow5iBgMZVn3PxroJbH11YNrC4szXG4xU,"pump_holder","PUMP",8999150.926586
ENUrrqMyRk4Nbgdtqe2ouoPTnjtqnFLLerwLmUZ8mBrV,"pump_holder","PUMP",8992479.487181
AwFngv1APK8buWGegcoh9fCRSpZX8uvkwc9rF5x1pBAm,"pump_holder","PUMP",8975186.441145
GEhXG4ZfkSbCiySz9Mg18Jer8jP67Ca8qsWStTpXdJj1,"pump_holder","PUMP",8967270.723043
6HYudVTXC3iJUpxmHZy67F8jcMarj571q2pQj4FDwHC,"pump_holder","PUMP",8964812.184232
8y63zUiBSzT2Af3bKzuz6WLUXcHgv5USsZnwRFzRunzX,"pump_holder","PUMP",8954011.101199
4SAHa4gQ9AZs66uWWNaJtJqZetpotHcaKnrryP2vc8kp,"pump_holder","PUMP",8953308.30016
xQezpTK6rov7xnRF1wmoRgzBzfWuKBASwLCPXaCpa45,"pump_holder","PUMP",8950851.036251
F88y8sGrHspQtFrCVdmQCKeDJ1VLueJJrfU5kJKT4NqQ,"pump_holder","PUMP",8941575.328057
CbqyiASsGW2FirbWYRB18cXcJzer8mH76doceSv3KyW5,"pump_holder","PUMP",8924779.881312
AArRh9VJMYnc4Ve54Eu96yCi8PZNYw2KkQEHSFLzqdU3,"pump_holder","PUMP",8890999.287846
BfCZBJJsqi54HjEdLXuQG1tRzHc6nbe2UKhCSDXCfGet,"pump_holder","PUMP",8876221.76955
HMddPAHypZEiVk31VQjBxS9BuksyQnTpTGyPx5jtZkS9,"pump_holder","PUMP",8876010
5SU8uEHULxyGqsWnzquBgaMajhU5tsa2GppN4U4WjHTn,"pump_holder","PUMP",8872036.309621
6jAzM5QTGn5xFDjWhJDnrmJBryCa6UDrYKskKyGJkF4s,"pump_holder","PUMP",8871008.079032
ChSwLhCGwPevuvbZ1VCmmKcM37BMEseSwWkEtJMEYSkk,"pump_holder","PUMP",8870482.378089
3tZHK3qPnrAKjujNrjB3ZqBbwUQQfkGubAfYateChJZB,"pump_holder","PUMP",8865777.523609
Breyn6gsbCLNbD8pgDagGAWs6WLrcRLeDD5hz4Qqo7co,"pump_holder","PUMP",8861099.16894
13yFzFtSHoSS1chwZhDQgAVz5J8CkkkN8n5XCLoGFP4d,"pump_holder","PUMP",8860756.499
4r1dVboNecWGCh82BWgtw34QaZrs43gCcK2ws8oj9hun,"pump_holder","PUMP",8856769.966969
CPQUEFRYbehTTjUxD5ZqEK7feqKXBF8rhvMHrLuqUsan,"pump_holder","PUMP",8840275.98
CNTdj4DqdLkGwzqZwst5rCELuyAnW7uY3VPabEvmKt6N,"pump_holder","PUMP",8831824.209331
6UcanEPgy9t6aJxpvaU62CmmXpnAp5ny5e8XeoFr1q9b,"pump_holder","PUMP",8828780.78845
Ckqhq21RRM1UYeBnXZKgZiyQbogsoUTFEi4ikBJ92jDy,"pump_holder","PUMP",8800000
FWYL8BnhudvJtvyTmehbVcLVZLxw435qRV9HVKc7jF8B,"pump_holder","PUMP",8790352.823892
E9SeHqVhQVD2UthKNSxptbL3vY3Vzrkx26SKt6kNQH3h,"pump_holder","PUMP",8788893.249826
9teBK8dFriVxEnCtjqEWMVbTmcMPt5DW17Rm2LTTg1Zs,"pump_holder","PUMP",8778000
2p6hkXkAhjYPda4nVt83aStqnRdtPqrBfB512zuktzTH,"pump_holder","PUMP",8766946.723692
DHoeVfAp8VXjD7nth8SVpcPM2d1aFiHnA1SsJhD8AD9n,"pump_holder","PUMP",8711848
G8v36jApKARSUFqpkL1hh2ZmZkaah8aGYLto7BLxyqtb,"pump_holder","PUMP",8703546.551458
GDYwgH4h64o6oXJENUc52qpcbWQivbGPwJtmDG78Lwr3,"pump_holder","PUMP",8701516.950789
2XDwf3vhjpjamu4vaPsYSWSmuhcFi5P59zoHmyzw8Tep,"pump_holder","PUMP",8691391.094781
7C8z8d383GqPRUSmn5615NqCWzX8rrP8zygkJf6MBq9G,"pump_holder","PUMP",8619582.493633
DPF23jabmNTVbv9JDZdhyHSA6SCB3m7Jyt3BXyD3E8rW,"pump_holder","PUMP",8612162.768531
EWZXAUvdAHUy7bMedowwUYVnL66tB2d4ZMNnbkVraqCF,"pump_holder","PUMP",8590426.322186
D8aw9iSgk9cpgs4ragC5obUZhsY97JeXpri83qMwQ8iP,"pump_holder","PUMP",8548951.393725
GDUVwpkTCmqte3xVLBXJMVu8zgfiwNqhj7wQKLAUQWbv,"pump_holder","PUMP",8538795.905269
jAru2HUrxpRsd654byKc9tqF3Ycq5TPbnoDYzhTQ5SD,"pump_holder","PUMP",8528437
E4MNRP6zqgKQuoFmJEudtxwJN9f9y7gyQqi18TxmSSNK,"pump_holder","PUMP",8509505.933422
8yYieKYrrxysGfD83snnWP5ebKpwjRPHyTKrDcRRCBna,"pump_holder","PUMP",8503990.541687
HUkjkbpkThjNirSLMozmgjsC39hfxdabBRxvWzrZmQFi,"pump_holder","PUMP",8498084.733066
GEyBWhdqLRc5zMfYikfvzKmBeVF3Lj392WY9Vptn9qSj,"pump_holder","PUMP",8494928.417336
GVLxReic9tujm38mvvcfxAfBb9ELKd1a1H6NhfqvTyX8,"pump_holder","PUMP",8467353.263329
7zXdqhi4B6coG5mcGfpxdMXkobvYMG9QD9LUzPB38F9c,"pump_holder","PUMP",8463519.62997
iaTMcAGABrnBpDg3ebttaJmVCtGGRdB1Pix9SsihPGF,"pump_holder","PUMP",8459210.605367
2KW72W1CWLqtYc1Y6bgeBYi8pEebDru6hVWeyB66W3et,"pump_holder","PUMP",8442235.442937
3b488E5TGShztgdafefbrPD7pys2SMd3U8mRBJqP6ecc,"pump_holder","PUMP",8420967.547086
9vFK5Qdj1Zk9y4EXVQDtrm8iRxjrdeiHfHfKGyopb9Ai,"pump_holder","PUMP",8407619.169255
DFCsk3eC8c4VLMSqzzBNBwPsb3jHh562GnnMwY3jRsck,"pump_holder","PUMP",8381527.898402
5ToskQgJkyTSf2rZVK5ZLjfqbfDba3bgc373o5jmee7L,"pump_holder","PUMP",8342615.225295
9rexUBEaVi4F8kmgAj7wAb4bSfqRX86pzFYTJhdM725m,"pump_holder","PUMP",8341945.079088
77DXFZnMebramt4dXfdwem1AjnfNnVnG8FkcVWpSwdjB,"pump_holder","PUMP",8317375
BTbBdXeDq2rEHQmNFjNQXBcaWgfM6CNEa3ptFr2WNhMo,"pump_holder","PUMP",8301401.842393
3aajgaC6ZggZV7CVGPdv8JEEC6iq8dFwbkuBSUYZEjbs,"pump_holder","PUMP",8267592.134944
GCymMCdrcxffEnUdUwzaxjAYXHduvrnoPg4o4XBzkqur,"pump_holder","PUMP",8236298.65936
Hk4FVVrrkebugc2z59NqtXZxQoCz8bnS9s13GaPRBg8R,"pump_holder","PUMP",8212085.221316
7yt1AaMYPpTjTURN7PPkj1qYtdoKFhqKwAHkwjxm8P64,"pump_holder","PUMP",8200184.218556
3j74UB3dH9U5uocu5twgixCpYSXf3LzXFw5yB34XjWSa,"pump_holder","PUMP",8199277.033911
7KiGSvM4rV8hLJxrQ8mi2Xp4yzRy7PnCWyHkepGCQJiJ,"pump_holder","PUMP",8190143.502881
4p75dC1waNaWsRostE6sxFPVNDXgSANY2sBKxQHXcg4j,"pump_holder","PUMP",8186365.716561
A6PznyAbJtSqXPEYBwNFwtEpop1RHsB7rhzkcVcXpMTz,"pump_holder","PUMP",8185085.369136
AjHrVtRn6jaGiSZT6zDbxYMFoqXT9Fp3g1PXQBXHgbKG,"pump_holder","PUMP",8182344.412782
6j18zcM4NbF2AxocEtw5mCjfxUMyD2PZEKyeerhqhNVh,"pump_holder","PUMP",8180998.927518
BcSSxeEJwV4CT3jSmpgj283tbpvk2gQWoFLYe9WxBko7,"pump_holder","PUMP",8176148.97417
8rxJzwfy6HamfgBb6p7fzVMy4Tx6NuDrCKgGsQt6j9JJ,"pump_holder","PUMP",8173064.128079
GFRWyub8ZvLfjzS49Uh6jCa6amH39Kx8WFobttx1EAHg,"pump_holder","PUMP",8169002.738191
57djWHtmPVfbAqvjtq7Ciyi7aLamQFi6juTr6BY8UG8C,"pump_holder","PUMP",8138388.617125
F6MmiLD7azY87uijwqNWN8DeG53eDuAXHZLupudExbCP,"pump_holder","PUMP",8131390.651124
61H2ytprKxxw7VNyYL7A2WtXJWtmiJ6ToWFvkDKbmCTP,"pump_holder","PUMP",8113678.490465
AJGPQsMQt3hmV5xdM6ouz4vBRoyiqQpRrmoVzGRsBbn7,"pump_holder","PUMP",8113300.384836
4BKBwYZb5hnUKkvqPfefP7PWotHNUdWA9s22w7nV6xWw,"pump_holder","PUMP",8085653.305276
EzkrS25bbzcAVAhRfL6dZyH2NTe1NzazdiBH5vqxJdtm,"pump_holder","PUMP",8081509.151637
85rHUi19QeYUCm73FsLvTu2LydtnVy5FNB4Qat95GRa7,"pump_holder","PUMP",8066442.354983
9jJBCyrEpofVmmVMMMdTAJoLyip2NiPYybRiiAV2EcbF,"pump_holder","PUMP",8040555.26539
8hH2SVbSDTrvqExVNLxQCp32VasEkqYAoaprWCioGZA1,"pump_holder","PUMP",8001810.834382
6KcVSTAouKJb2Zswn5bGgyL271xassowv5A3k1ox9UKB,"pump_holder","PUMP",8000726.75103
93cY4LWasfNcTBEN7Nr3ESf6xKABCxaNNM8U5TETkFHd,"pump_holder","PUMP",8000104.761709
GWbxs37WT2RfNhpdbj5CyJFJU6Jx3iQcg8Qkw48jT2e3,"pump_holder","PUMP",8000000.51173
BUeUL3CBuc9tDSUXpv83taAW1f5kSJC9rHf8o6V4Metd,"pump_holder","PUMP",8000000
9CHkXzKA8s86yY9zdcZe6jotTxGKWd1hQJw3pBW9vKPY,"pump_holder","PUMP",7999952.84305
GBFJRhknZQKNB4PscTWWCKh7PBQCTtJ82KnUp41g1r9g,"pump_holder","PUMP",7999153.541624
CtDz2aoYyBygXizkSXEUDPkXQDfc4XgtzgbsBVzXep5C,"pump_holder","PUMP",7825031.995
BnHRcHqCei1PkMwNcc7qHe5XV6h9EkV1dTRSqxw6mqMz,"pump_holder","PUMP",7813850.345006
3n2L9fGSHGdyZrirXrPNyGSyMdnuSiZg7MRw8FiSAHKn,"pump_holder","PUMP",7746015.286969
4BcPADvShBojirYdv9UgnT9nKsfdJ1zZ5zDuWrvnCQNy,"pump_holder","PUMP",7737519.30362
BqEyGYTpepzxYYyubmvZqCGPGxiXod6Bk9VqX7vrGXEn,"pump_holder","PUMP",7721645.750835
GzpBovnC7uHwqnRM54F6hjECU2z8rcsSwHhTFicNQP6c,"pump_holder","PUMP",7708431.73247
